"","JMBAG","Predavanja","Labos","Status","Broj.ponavljanja","Rang.matura","Srednja.škola","Spol","Dvorana","Pitanje.1","Pitanje.2","Pitanje.3","Pitanje.4","Pitanje.5","Pitanje.6","Pitanje.7","Pitanje.8","Pitanje.9","Pitanje.10","Broj.bodova"
"1","hbfmwezdgv",1.03,"1.01-22","redoviti",NA,13,"gimnazija","M","A111","E","D","B","C","A","A","E","A","C","B",26
"2","furomvcsda",1.02,"1.01-12","redoviti",NA,NA,"gimnazija","M","A111","E","D","B","C","A","A","E","A","C","B",26
"3","swdfgoepjl",1.05,"1.01-02","redoviti",NA,NA,"","M","A111","E","D","B","C","A","A","E","A","C","B",26
"4","xabzdhsqnu",1.01,"1.01-04","redoviti",NA,192,"tehni?ka","M","A201","E","D","B","C","A","A","E","A","C","B",26
"5","nmxertvyds",1.01,"1.01-05","redoviti",NA,NA,"","M","A201","E","D","B","C","A","A","E","A","C","B",26
"6","rtsqjpcobx",1.07,"1.01-09","redoviti",NA,NA,"","M","A201","E","D","B","C","A","A","E","A","C","B",26
"7","imoucpndvl",1.08,"1.01-26","redoviti",NA,NA,"gimnazija","M","A201","E","D","B","C","A","A","E","A","C","B",26
"8","fcjzsqelvh",1.01,"1.01-07","redoviti",NA,NA,"","M","A202","E","D","B","C","A","A","E","A","C","B",26
"9","ocglejbfik",1.02,"1.01-13","redoviti",NA,NA,"gimnazija","M","A202","E","D","B","C","A","A","E","A","C","B",26
"10","grhcbukmoi",1.03,"1.01-05","redoviti",NA,15,"gimnazija","F","A202","E","D","B","C","A","A","E","A","C","B",26
"11","tibwaplqvs",1.04,"1.01-30","redoviti",NA,NA,"gimnazija","M","A209","E","D","B","C","A","A","E","A","C","B",26
"12","ghazeitqdy",1.08,"1.01-26","redoviti",NA,NA,"","M","A209","E","D","B","C","A","A","E","A","C","B",26
"13","zimauovnpq",1.05,"1.01-01","redoviti",NA,NA,"","M","A211","E","D","B","C","A","A","E","A","C","B",26
"14","umozhrntlk",1.08,"1.01-32","redoviti",NA,30,"gimnazija","M","A211","E","D","B","C","A","A","E","A","C","B",26
"15","qiufgxkenb",1.01,"1.01-07","redoviti",NA,NA,"gimnazija","M","A211","E","D","B","C","A","A","E","A","C","B",26
"16","orfbyxhqji",1.05,"1.01-03","redoviti",NA,NA,"gimnazija","M","A301","E","D","B","C","A","A","E","A","C","B",26
"17","cxqwbrfdmk",1.06,"1.01-09","redoviti",NA,40,"gimnazija","M","A301","E","D","B","C","A","A","E","A","C","B",26
"18","gvspowjame",1.04,"1.01-28","redoviti",NA,NA,"","M","A301","E","D","B","C","A","A","E","A","C","B",26
"19","biszdwpajr",1.03,"1.01-21","redoviti",NA,NA,"gimnazija","M","A301","E","D","B","C","A","A","E","A","C","B",26
"20","njorqvcmxy",1.02,"1.01-15","redoviti",NA,120,"gimnazija","M","A301","E","D","B","C","A","A","E","A","C","B",26
"21","walvbtsudr",1.07,"1.01-11","redoviti",NA,NA,"gimnazija","M","A302","E","D","B","C","A","A","E","A","C","B",26
"22","epnbfvzltg",1.04,"1.01-31","redoviti",NA,184,"gimnazija","M","A302","E","D","B","C","A","A","E","A","C","B",26
"23","ukrondjgap",1.03,"1.01-21","redoviti",NA,275,"gimnazija","M","A302","E","D","B","C","A","A","E","A","C","B",26
"24","yjnpfqzxcd",1.02,"1.01-13","redoviti",NA,109,"tehni?ka","M","B1","E","D","B","C","A","A","E","A","C","B",26
"25","etudcapjri",1.08,"1.01-27","redoviti",NA,NA,"","M","B1","E","D","B","C","A","A","E","A","C","B",26
"26","uqkgjimdfe",1.04,"1.01-29","redoviti",NA,NA,"gimnazija","M","B1","E","D","B","C","A","A","E","A","C","B",26
"27","vdbmcgkqau",1.02,"1.01-15","redoviti",NA,121,"gimnazija","M","B1","E","D","B","C","A","A","E","A","C","B",26
"28","whuzfcnpqm",1.04,"1.01-29","redoviti",NA,NA,"","M","B1","E","D","B","C","A","A","E","A","C","B",26
"29","vwkaiuzqrj",1.05,"1.01-02","redoviti",NA,1,"gimnazija","M","B1","E","D","B","C","A","A","E","A","C","B",26
"30","lhwqfmante",1.06,"1.01-19","redoviti",NA,NA,"gimnazija","M","B1","E","D","B","C","A","A","E","A","C","B",26
"31","mbzahkldnx",1.05,"1.01-03","redoviti",NA,NA,"","M","B2","E","D","B","C","A","A","E","A","C","B",26
"32","vpkeiwnmqx",1.09,"-","ponavlja",1,NA,"","M","B2","E","D","B","C","A","A","E","A","C","B",26
"33","ofhlsakrwv",1.08,"1.01-07","redoviti",NA,29,"gimnazija","M","B2","E","D","B","C","A","A","E","A","C","B",26
"34","tkejidrvzb",1.05,"1.01-08","redoviti",NA,NA,"gimnazija","M","B4","E","D","B","C","A","A","E","A","C","B",26
"35","olghcyidnp",1.05,"1.01-03","redoviti",NA,75,"gimnazija","M","B4","E","D","B","C","A","A","E","A","C","B",26
"36","uyitvghldp",1.08,"1.01-32","redoviti",NA,NA,"","M","B4","E","D","B","C","A","A","E","A","C","B",26
"37","vbydwlekjf",1.06,"1.01-19","redoviti",NA,NA,"gimnazija","M","B4","E","D","B","C","A","A","E","A","C","B",26
"38","vcaxguzkwi",1.07,"1.01-11","redoviti",NA,NA,"gimnazija","M","B4","E","D","B","C","A","A","E","A","C","B",26
"39","zrbwjeycfq",1.08,"1.01-25","redoviti",NA,202,"gimnazija","M","B4","E","D","B","C","A","A","E","A","C","B",26
"40","qxijpkdlfn",1.02,"1.01-12","redoviti",NA,54,"gimnazija","M","B4","E","D","B","C","A","A","E","A","C","B",26
"41","phzcsotulf",1.04,"1.01-31","redoviti",NA,168,"gimnazija","M","C12-02","E","D","B","C","A","A","E","A","C","B",26
"42","xdnikeowgm",1.07,"1.01-16","redoviti",NA,NA,"","M","C12-02","E","D","B","C","A","A","E","A","C","B",26
"43","ygrmxwadiv",1.02,"1.01-12","redoviti",NA,NA,"gimnazija","M","C12-02","E","D","B","C","A","A","E","A","C","B",26
"44","fcpkxdjore",1.03,"1.01-23","redoviti",NA,1,"gimnazija","M","C12-02","E","D","B","C","A","A","E","A","C","B",26
"45","pbcktoswlq",1.06,"1.01-17","redoviti",NA,NA,"","M","C12-02","E","D","B","C","A","A","E","A","C","B",26
"46","mktjrupfqh",1.06,"1.01-25","redoviti",NA,NA,"","M","C12-02","E","D","B","C","A","A","E","A","C","B",26
"47","tvdfyosrgl",1.09,"1.01-23","redoviti",NA,NA,"gimnazija","M","C12-02","E","D","B","C","A","A","E","A","C","B",26
"48","mnvjiyaxbu",1.07,"1.01-10","redoviti",NA,NA,"","M","D1","E","D","B","C","A","A","E","A","C","B",26
"49","vxafehitpl",1.06,"1.01-17","redoviti",NA,NA,"gimnazija","M","D1","E","D","B","C","A","A","E","A","C","B",26
"50","tnzsqeumfy",1.02,"1.01-12","redoviti",NA,NA,"","M","D1","E","D","B","C","A","A","E","A","C","B",26
"51","dmtbsynlzf",1.09,"1.01-07","redoviti",NA,NA,"gimnazija","M","D1","E","D","B","C","A","A","E","A","C","B",26
"52","cuitnrwskb",1.04,"1.01-28","redoviti",NA,19,"gimnazija","M","D1","E","D","B","C","A","A","E","A","C","B",26
"53","rwhnlbqmvg",1.08,"1.01-32","redoviti",NA,56,"gimnazija","M","D1","E","D","B","C","A","A","E","A","C","B",26
"54","hocgfmjpyn",1.07,"1.01-09","redoviti",NA,22,"gimnazija","M","D1","E","D","B","C","A","A","E","A","C","B",26
"55","ptfuqyaxro",1.06,"1.01-03","redoviti",NA,NA,"","M","D152","E","D","B","C","A","A","E","A","C","B",26
"56","iagxoqhyzv",1.02,"1.01-14","redoviti",NA,241,"tehni?ka","M","D152","E","D","B","C","A","A","E","A","C","B",26
"57","xjqruezmbo",1.07,"1.01-11","redoviti",NA,NA,"","M","D152","E","D","B","C","A","A","E","A","C","B",26
"58","npiwjsruxq",1.02,"1.01-13","redoviti",NA,324,"tehni?ka","M","D2","E","D","B","C","A","A","E","A","C","B",26
"59","sdawxlopgt",1.08,"1.01-26","redoviti",NA,NA,"gimnazija","M","D2","E","D","B","C","A","A","E","A","C","B",26
"60","sicrhxbugn",1.05,"1.01-02","redoviti",NA,134,"tehni?ka","M","D2","E","D","B","C","A","A","E","A","C","B",26
"61","jzisbuofmc",1.05,"1.01-17","redoviti",NA,NA,"","F","D2","E","D","B","C","A","A","E","A","C","B",26
"62","pjkzhqbvef",1.05,"1.01-08","redoviti",NA,NA,"tehni?ka","M","D2","E","D","B","C","A","A","E","A","C","B",26
"63","qhysednuba",1.04,"1.01-12","redoviti",NA,67,"tehni?ka","M","D2","E","D","B","C","A","A","E","A","C","B",26
"64","dsjqyhulrp",1.06,"1.01-19","redoviti",NA,NA,"","M","D2","E","D","B","C","A","A","E","A","C","B",26
"65","tivbcpfehj",1.03,"1.01-22","redoviti",NA,NA,"","M","D260","E","D","B","C","A","A","E","A","C","B",26
"66","dkyuctbqam",1.06,"1.01-24","redoviti",NA,NA,"gimnazija","M","D260","E","D","B","C","A","A","E","A","C","B",26
"67","unopgszlwa",1.02,"1.01-12","redoviti",NA,470,"gimnazija","M","D260","E","D","B","C","A","A","E","A","C","B",26
"68","stdnbhalio",1.02,"1.01-13","redoviti",NA,NA,"gimnazija","M","D260","E","D","B","C","A","A","E","A","C","B",26
"69","uqdlbtmijx",1.07,"1.01-10","redoviti",NA,154,"gimnazija","M","D260","E","D","B","C","A","A","E","A","C","B",26
"70","bumolpstdj",1.06,"1.01-24","redoviti",NA,217,"gimnazija","M","D260","E","D","B","C","A","A","E","A","C","B",26
"71","yncwaifjot",1.08,"1.01-25","redoviti",NA,NA,"","M","D272","E","D","B","C","A","A","E","A","C","B",26
"72","vptqfscerz",1.06,"1.01-19","redoviti",NA,NA,"gimnazija","M","D272","E","D","B","C","A","A","E","A","C","B",26
"73","exirhqbuyl",1.06,"1.01-24","redoviti",NA,56,"gimnazija","M","D272","E","D","B","C","A","A","E","A","C","B",26
"74","xzrswkqedg",1.08,"1.01-01","redoviti",NA,45,"gimnazija","M","D273","E","D","B","C","A","A","E","A","C","B",26
"75","rlfvdknsux",1.04,"1.01-28","redoviti",NA,178,"tehni?ka","M","D273","E","D","B","C","A","A","E","A","C","B",26
"76","izujktlyqr",1.04,"1.01-28","redoviti",NA,NA,"","M","D273","E","D","B","C","A","A","E","A","C","B",26
"77","enzpctaqor",1.09,"1.01-26","redoviti",NA,NA,"","M","D346","E","D","B","C","A","A","E","A","C","B",26
"78","cuhbmnjelg",1.03,"1.01-20","redoviti",NA,NA,"gimnazija","M","D346","E","D","B","C","A","A","E","A","C","B",26
"79","ftrpakywhm",1.01,"1.01-04","redoviti",NA,NA,"gimnazija","M","D346","E","D","B","C","A","A","E","A","C","B",26
"80","xekymvqnst",1.05,"1.01-02","redoviti",NA,203,"gimnazija","F","B2","E","-","B","C","A","A","E","A","C","B",24
"81","egrvldubfw",1.09,"-","ponavlja",1,NA,"","M","C12-02","E","-","B","C","A","A","E","A","C","B",24
"82","dqwymtnjei",1.02,"1.01-15","redoviti",NA,95,"gimnazija","M","D1","E","D","-","C","A","A","E","A","C","B",24
"83","awhtjfgdil",1.07,"1.01-16","redoviti",NA,NA,"gimnazija","M","D272","E","-","B","C","A","A","E","A","C","B",24
"84","qglzoywmvp",1.03,"1.01-21","redoviti",NA,NA,"tehni?ka","M","D346","E","-","B","C","A","A","E","A","C","B",24
"85","itbqjneadm",1.07,"1.01-16","redoviti",NA,166,"gimnazija","M","A111","E","D","B","B","A","A","E","A","C","B",23.5
"86","yoavdrinkm",1.07,"1.01-09","redoviti",NA,NA,"gimnazija","M","A201","E","D","E","C","A","A","E","A","C","B",23.5
"87","daojemrvtn",1.08,"1.01-25","redoviti",NA,NA,"gimnazija","M","A202","E","D","B","B","A","A","E","A","C","B",23.5
"88","xyvcsbhomz",1.03,"1.01-23","redoviti",NA,150,"gimnazija","M","A209","E","D","D","C","A","A","E","A","C","B",23.5
"89","jklgyrcseu",1.03,"1.01-23","redoviti",NA,NA,"gimnazija","M","A211","E","D","D","C","A","A","E","A","C","B",23.5
"90","czaivygput",1.08,"1.01-25","redoviti",NA,NA,"tehni?ka","M","A302","E","D","D","C","A","A","E","A","C","B",23.5
"91","gkjywhtrob",1.09,"1.01-02","ponavlja",3,NA,"","M","B1","E","D","B","B","A","A","E","A","C","B",23.5
"92","vnxslfgwyp",1.01,"1.01-05","redoviti",NA,NA,"","F","C12-02","E","D","D","C","A","A","E","A","C","B",23.5
"93","wcxybvgaiq",1.07,"1.01-16","redoviti",NA,NA,"tehni?ka","M","C12-02","E","D","D","C","A","A","E","A","C","B",23.5
"94","gswkytiuxm",1.07,"1.01-16","redoviti",NA,214,"gimnazija","M","C12-02","E","D","D","C","A","A","E","A","C","B",23.5
"95","oerwpjhabx",1.09,"-","ponavlja",1,1,"gimnazija","M","D1","E","D","D","C","A","A","E","A","C","B",23.5
"96","andetpjyig",1.07,"1.01-09","redoviti",NA,104,"gimnazija","M","D1","E","A","B","C","A","A","E","A","C","B",23.5
"97","xslnymezhw",1.07,"1.01-11","redoviti",NA,NA,"gimnazija","M","D1","E","D","D","C","A","A","E","A","C","B",23.5
"98","pnrxuhbqvm",1.09,"1.01-05","ponavlja",1,NA,"gimnazija","M","D152","E","D","D","C","A","A","E","A","C","B",23.5
"99","xvzpjckmub",1.09,"-","ponavlja",1,NA,"gimnazija","M","D152","E","D","B","B","A","A","E","A","C","B",23.5
"100","cjdegkrslq",1.08,"1.01-25","redoviti",NA,NA,"gimnazija","F","D152","E","D","D","C","A","A","E","A","C","B",23.5
"101","rudimjqosc",1.07,"1.01-16","redoviti",NA,73,"gimnazija","F","D2","E","D","D","C","A","A","E","A","C","B",23.5
"102","kunszdotgm",1.03,"1.01-21","ponavlja",1,NA,"","M","D272","E","D","B","C","A","A","E","A","E","B",23.5
"103","tejgqfpkwl",1.06,"1.01-18","redoviti",NA,36,"gimnazija","M","D346","E","D","D","C","A","A","E","A","C","B",23.5
"104","dmpncyusbf",1.01,"1.01-07","redoviti",NA,NA,"","M","D346","E","D","B","E","A","A","E","A","C","B",23.5
"105","cdhkswqxjp",1.04,"1.01-28","redoviti",NA,321,"tehni?ka","M","D346","E","D","B","E","A","A","E","A","C","B",23.5
"106","trvbzylqxe",1.01,"-","ponavlja",1,NA,"gimnazija","F","D346","E","D","D","C","A","A","E","A","C","B",23.5
"107","jutcrdmlis",1.04,"1.01-28","redoviti",NA,NA,"gimnazija","M","D346","E","D","B","A","A","A","E","A","C","B",23.5
"108","lxbfauegiv",1.05,"1.01-01","redoviti",NA,74,"gimnazija","M","A202","E","D","B","C","A","-","E","A","C","B",23
"109","dfiheyucxs",1.07,"1.01-16","redoviti",NA,NA,"tehni?ka","M","A202","-","D","B","C","A","A","E","A","C","B",23
"110","iwqpmnxrzf",1.05,"1.01-02","redoviti",NA,NA,"gimnazija","M","B1","E","D","B","C","A","-","E","A","C","B",23
"111","hmwsjodkub",1.01,"-","ponavlja",1,NA,"","M","B2","-","D","B","C","A","A","E","A","C","B",23
"112","auzskolhdx",1.02,"1.01-15","redoviti",NA,NA,"gimnazija","M","B4","E","D","B","C","A","A","E","-","C","B",23
"113","ajrkgqxndy",1.03,"1.01-23","redoviti",NA,NA,"","M","C12-02","-","D","B","C","A","A","E","A","C","B",23
"114","wcesmznayx",1.03,"1.01-20","redoviti",NA,NA,"","M","D1","E","D","B","C","A","-","E","A","C","B",23
"115","pcvgibqalo",1.06,"1.01-18","redoviti",NA,NA,"gimnazija","F","D1","E","D","B","C","A","-","E","A","C","B",23
"116","fhltvynzek",1.03,"-","ponavlja",1,NA,"","M","D260","-","D","B","C","A","A","E","A","C","B",23
"117","unwvetxyfg",1.03,"1.01-23","redoviti",NA,NA,"gimnazija","M","D260","E","D","B","C","-","A","E","A","C","B",23
"118","ntbjevyixk",1.09,"-","ponavlja",1,NA,"tehni?ka","M","D260","-","D","B","C","A","A","E","A","C","B",23
"119","gvxftlkyqs",1.05,"1.01-01","redoviti",NA,NA,"tehni?ka","M","D273","-","D","B","C","A","A","E","A","C","B",23
"120","tinvxwzmlu",1.04,"1.01-31","redoviti",NA,NA,"","M","D273","-","D","B","C","A","A","E","A","C","B",23
"121","eigblszyxo",1.08,"1.01-25","redoviti",NA,NA,"gimnazija","F","D273","E","D","B","C","A","A","E","-","C","B",23
"122","skqpnzdcbv",1.09,"-","ponavlja",1,NA,"","M","A111","E","D","B","C","A","A","B","A","C","B",22
"123","cgoxketjfy",1.05,"1.01-08","redoviti",NA,20,"gimnazija","F","A111","E","D","B","C","E","A","E","A","C","B",22
"124","fnwxzibhdt",1.02,"1.01-13","redoviti",NA,NA,"","M","A111","E","D","B","C","C","A","E","A","C","B",22
"125","asnfqeviyz",1.01,"1.01-08","redoviti",NA,NA,"gimnazija","M","A202","E","D","B","C","A","A","B","A","C","B",22
"126","lnosebvmdf",1.03,"1.01-22","redoviti",NA,NA,"","M","A202","E","D","B","C","A","A","D","A","C","B",22
"127","xwloearkmg",1.09,"1.01-31","redoviti",NA,54,"gimnazija","M","A202","E","D","B","C","D","A","E","A","C","B",22
"128","cyxiljewgo",1.08,"1.01-26","redoviti",NA,NA,"","M","A202","E","D","B","C","A","A","E","A","C","C",22
"129","hnoicetujg",1.04,"1.01-31","redoviti",NA,NA,"","M","A211","E","D","B","C","A","A","A","A","C","B",22
"130","mrabjkowui",1.07,"1.01-10","redoviti",NA,NA,"","M","A211","E","D","B","C","B","A","E","A","C","B",22
"131","zuvhrtqbck",1.08,"1.01-25","redoviti",NA,101,"gimnazija","M","A211","E","D","B","C","A","C","E","A","C","B",22
"132","wiyzgkfqax",1.05,"1.01-02","redoviti",NA,NA,"","M","A211","E","D","B","C","B","A","E","A","C","B",22
"133","mveyoulqra",1.08,"1.01-25","redoviti",NA,NA,"","M","A301","E","D","B","C","C","A","E","A","C","B",22
"134","mbheifdlgk",1.04,"1.01-30","redoviti",NA,NA,"","M","A301","E","D","B","C","A","C","E","A","C","B",22
"135","zfnehibdpa",1.05,"1.01-06","redoviti",NA,NA,"gimnazija","M","A302","E","D","B","C","C","A","E","A","C","B",22
"136","xqptkzlcve",1.07,"1.01-11","redoviti",NA,NA,"","M","A302","E","D","B","C","B","A","E","A","C","B",22
"137","okzbhuftav",1.05,"-","ponavlja",1,502,"gimnazija","M","A302","E","D","B","C","B","A","E","A","C","B",22
"138","nxubhlcigd",1.08,"1.01-10","ponavlja",1,NA,"","M","A302","C","D","B","C","A","A","E","A","C","B",22
"139","yblwmzrexg",1.06,"1.01-17","redoviti",NA,NA,"","M","B1","E","D","B","C","D","A","E","A","C","B",22
"140","jfivwrqndu",1.03,"1.01-23","redoviti",NA,270,"gimnazija","M","B1","E","D","B","C","A","A","E","C","C","B",22
"141","yvsduhwjfc",1.03,"1.01-21","redoviti",NA,NA,"tehni?ka","M","B2","E","D","B","C","B","A","E","A","C","B",22
"142","rnpmcshkti",1.08,"1.01-15","redoviti",NA,88,"tehni?ka","M","B2","E","D","B","C","B","A","E","A","C","B",22
"143","qjumsxcnkb",1.08,"1.01-26","redoviti",NA,NA,"","M","B4","E","D","B","C","B","A","E","A","C","B",22
"144","drhcfzbsip",1.09,"1.01-23","redoviti",NA,NA,"","F","B4","E","D","B","C","D","A","E","A","C","B",22
"145","hdpvtgkcje",1.05,"1.01-01","redoviti",NA,NA,"","M","C12-02","B","D","B","C","A","A","E","A","C","B",22
"146","skgvunircj",1.02,"1.01-12","redoviti",NA,NA,"tehni?ka","M","C12-02","E","D","B","C","A","A","E","C","C","B",22
"147","jabrmyqekf",1.06,"1.01-17","redoviti",NA,NA,"gimnazija","M","C12-02","E","D","B","C","B","A","E","A","C","B",22
"148","fhrzjaeclq",1.01,"1.01-31","redoviti",NA,NA,"gimnazija","M","C12-02","E","D","B","C","B","A","E","A","C","B",22
"149","msybkohdre",1.06,"1.01-24","redoviti",NA,NA,"","M","C12-02","E","D","B","C","C","A","E","A","C","B",22
"150","mekxuzdotv",1.08,"1.01-26","redoviti",NA,280,"gimnazija","M","C12-02","E","D","B","C","A","C","E","A","C","B",22
"151","qcjnymkfbr",1.07,"1.01-10","redoviti",NA,NA,"","M","D1","E","D","B","C","B","A","E","A","C","B",22
"152","caskolievz",1.08,"1.01-27","redoviti",NA,NA,"","M","D1","E","D","B","C","B","A","E","A","C","B",22
"153","rcowkdzqix",1.05,"1.01-08","redoviti",NA,NA,"gimnazija","M","D1","C","D","B","C","A","A","E","A","C","B",22
"154","acwzhirfvj",1.01,"-","ponavlja",1,332,"gimnazija","M","D1","E","D","B","C","C","A","E","A","C","B",22
"155","vatuxcghoi",1.03,"1.01-21","redoviti",NA,49,"gimnazija","F","D1","E","D","B","C","D","A","E","A","C","B",22
"156","vntuxpclds",1.06,"1.01-18","redoviti",NA,163,"gimnazija","M","D1","E","D","B","C","C","A","E","A","C","B",22
"157","qbuclgkdai",1.09,"-","ponavlja",1,NA,"","M","D152","E","D","B","C","D","A","E","A","C","B",22
"158","qrklxmjosb",1.04,"1.01-31","redoviti",NA,NA,"gimnazija","F","D152","E","D","B","C","A","A","E","A","C","C",22
"159","lmctoeivhx",1.06,"1.01-18","redoviti",NA,NA,"","F","D2","E","D","B","C","A","A","B","A","C","B",22
"160","cluqogpayw",1.08,"1.01-32","redoviti",NA,290,"gimnazija","M","D2","E","D","B","C","B","A","E","A","C","B",22
"161","ivsreuzkjl",1.09,"-","ponavlja",1,325,"gimnazija","M","D2","E","D","B","C","C","A","E","A","C","B",22
"162","obnjvthfli",1.05,"1.01-08","redoviti",NA,NA,"","M","D2","B","D","B","C","A","A","E","A","C","B",22
"163","yxcbwliuqf",1.04,"1.01-21","redoviti",NA,NA,"","M","D2","E","D","B","C","A","A","E","D","C","B",22
"164","qnjmvyrteh",1.09,"1.01-06","redoviti",NA,NA,"tehni?ka","M","D2","D","D","B","C","A","A","E","A","C","B",22
"165","xhjyzmfruc",1.02,"1.01-20","redoviti",NA,270,"tehni?ka","M","D260","E","D","B","C","C","A","E","A","C","B",22
"166","xzwhpejqdg",1.03,"1.01-21","redoviti",NA,NA,"","M","D272","E","D","B","C","A","D","E","A","C","B",22
"167","vmrfqnlwuc",1.04,"1.01-28","redoviti",NA,NA,"gimnazija","F","D272","E","D","B","C","C","A","E","A","C","B",22
"168","ohvbauxmqp",1.09,"-","ponavlja",1,NA,"","M","D272","E","D","B","C","A","C","E","A","C","B",22
"169","sykvruenqp",1.07,"1.01-10","redoviti",NA,NA,"gimnazija","M","D273","E","D","B","C","D","A","E","A","C","B",22
"170","dfpoujxanq",1.03,"1.01-22","redoviti",NA,NA,"","M","D273","E","D","B","C","C","A","E","A","C","B",22
"171","omrgibupft",1.06,"1.01-19","redoviti",NA,NA,"gimnazija","M","D346","E","D","B","C","B","A","E","A","C","B",22
"172","tiexpgoqyv",1.04,"1.01-30","redoviti",NA,NA,"gimnazija","M","D346","E","D","B","C","B","A","E","A","C","B",22
"173","lcibgkrzju",1.09,"1.01-15","ponavlja",1,NA,"","M","A211","E","-","D","C","A","A","E","A","C","B",21.5
"174","nalzumiosh",1.03,"1.01-19","redoviti",NA,NA,"gimnazija","M","A211","E","D","-","C","A","A","E","A","E","B",21.5
"175","jwtfvlnsdp",1.08,"1.01-26","redoviti",NA,145,"gimnazija","M","A301","E","-","D","C","A","A","E","A","C","B",21.5
"176","ornmbqfkih",1.09,"-","ponavlja",1,NA,"gimnazija","M","A202","E","D","D","C","A","A","E","A","E","B",21
"177","esokqafhdg",1.08,"1.01-32","redoviti",NA,NA,"","M","A301","E","C","D","C","A","A","E","A","C","B",21
"178","tfclngpows",1.04,"1.01-29","redoviti",NA,NA,"tehni?ka","M","B4","E","C","D","C","A","A","E","A","C","B",21
"179","pzcrxionua",1.05,"1.01-08","redoviti",NA,NA,"gimnazija","M","B4","E","D","D","C","A","A","E","A","B","B",21
"180","kjsvuxgmrh",1.07,"1.01-10","redoviti",NA,NA,"gimnazija","M","D1","E","D","A","B","A","A","E","A","C","B",21
"181","jyxfwvqius",1.05,"1.01-08","redoviti",NA,NA,"","F","D1","E","D","D","E","A","A","E","A","C","B",21
"182","salnqtozuh",1.08,"1.01-32","redoviti",NA,436,"tehni?ka","M","D152","-","-","B","C","A","A","E","A","C","B",21
"183","gexsjbnhqy",1.04,"1.01-29","redoviti",NA,NA,"","M","D272","E","D","-","C","A","A","E","-","C","B",21
"184","ztwuhmknjd",1.08,"1.01-27","redoviti",NA,619,"gimnazija","M","D272","E","-","B","C","A","-","E","A","C","B",21
"185","kngahpwqfb",1.03,"-","ponavlja",1,NA,"","M","D273","-","-","B","C","A","A","E","A","C","B",21
"186","rpbjekufac",1.07,"1.01-11","redoviti",NA,NA,"gimnazija","M","D346","E","D","-","C","A","A","E","-","C","B",21
"187","cbfykxhzus",1.04,"1.01-29","redoviti",NA,NA,"","M","A211","E","D","D","C","A","A","E","-","C","B",20.5
"188","zsqvlrdgjm",1.04,"1.01-31","redoviti",NA,NA,"","M","A301","E","D","D","C","A","A","E","-","C","B",20.5
"189","zgvyskfroh",1.06,"1.01-19","redoviti",NA,NA,"gimnazija","F","B2","E","D","A","C","A","A","E","-","C","B",20.5
"190","bvyfkhnqdg",1.09,"-","ponavlja",1,314,"gimnazija","M","B4","E","D","D","C","-","A","E","A","C","B",20.5
"191","jxirepnodc",1.08,"1.01-27","redoviti",NA,NA,"","M","D1","E","D","D","C","A","A","E","-","C","B",20.5
"192","axvjlymqcw",1.04,"1.01-29","redoviti",NA,88,"gimnazija","M","D2","E","D","D","C","A","A","E","A","C","-",20.5
"193","kfazpvetgx",1.08,"1.01-32","redoviti",NA,NA,"","M","D260","-","D","B","D","A","A","E","A","C","B",20.5
"194","dtaeqovhpk",1.05,"1.01-08","redoviti",NA,NA,"","M","D273","-","D","D","C","A","A","E","A","C","B",20.5
"195","xbalpmhcnu",1.07,"1.01-10","redoviti",NA,NA,"","M","D346","E","D","D","C","A","A","E","-","C","B",20.5
"196","knfagutjrc",1.02,"1.01-12","redoviti",NA,NA,"","F","A201","-","D","B","C","A","A","E","-","C","B",20
"197","yofgkdprec",1.08,"1.01-03","redoviti",NA,NA,"","M","A202","-","D","B","C","A","-","E","A","C","B",20
"198","sfwqxtmury",1.08,"1.01-27","redoviti",NA,NA,"gimnazija","M","A202","E","D","B","C","A","-","E","-","C","B",20
"199","hslcgnxerz",1.01,"1.01-13","redoviti",NA,NA,"","M","A202","-","D","B","C","A","A","E","-","C","B",20
"200","omrhgibxfs",1.01,"-","ponavlja",1,NA,"","M","A202","-","D","B","C","A","A","E","-","C","B",20
"201","qjlxbzdstv",1.09,"-","ponavlja",1,NA,"gimnazija","M","A209","E","-","B","C","A","A","E","D","C","B",20
"202","waiypcerks",1.06,"1.01-17","redoviti",NA,NA,"","M","A211","E","D","B","C","A","-","E","-","C","B",20
"203","gksibrtvxe",1.08,"1.01-32","redoviti",NA,NA,"gimnazija","M","A211","E","D","B","C","A","-","E","-","C","B",20
"204","oaqwvcjnfr",1.09,"-","ponavlja",1,NA,"","F","A301","-","D","B","C","A","A","E","-","C","B",20
"205","vwoaigbqcm",1.03,"1.01-22","redoviti",NA,NA,"gimnazija","M","A302","E","D","-","C","A","C","E","A","C","B",20
"206","mhodyzflbe",1.06,"1.01-18","redoviti",NA,NA,"","M","B1","E","D","B","C","A","-","E","-","C","B",20
"207","kalrbcxtzy",1.03,"1.01-23","redoviti",NA,NA,"","M","B1","D","-","B","C","A","A","E","A","C","B",20
"208","mehnaqfwys",1.09,"-","ponavlja",1,NA,"","M","B4","E","D","B","C","-","A","E","-","C","B",20
"209","ulkdbgaevw",1.06,"1.01-19","redoviti",NA,189,"tehni?ka","M","B4","-","D","B","C","A","A","E","-","C","B",20
"210","evqyjzxiok",1.03,"1.01-20","redoviti",NA,269,"gimnazija","M","C12-02","E","-","B","C","A","C","E","A","C","B",20
"211","nmlatzfqvs",1.09,"-","ponavlja",1,NA,"","M","D1","E","D","-","C","B","A","E","A","C","B",20
"212","ompbnahkxi",1.02,"1.01-13","redoviti",NA,NA,"","M","D1","E","D","B","C","A","A","E","-","C","-",20
"213","kvtoemgijl",1.09,"-","ponavlja",1,315,"gimnazija","M","D1","E","D","B","C","-","-","E","A","C","B",20
"214","ichodgsawe",1.01,"1.01-05","redoviti",NA,NA,"","M","D152","E","D","B","C","A","-","E","-","C","B",20
"215","suzghwlkyp",1.02,"1.01-15","redoviti",NA,NA,"","M","D2","-","D","B","C","A","-","E","A","C","B",20
"216","ylusvwhnxd",1.05,"1.01-02","redoviti",NA,193,"gimnazija","M","D2","E","D","B","C","A","A","-","-","C","B",20
"217","hafolnmxkt",1.08,"1.01-27","redoviti",NA,400,"gimnazija","M","D260","E","D","B","C","A","A","E","-","C","-",20
"218","cjtwbgduax",1.02,"1.01-13","redoviti",NA,512,"tehni?ka","M","D260","E","D","B","C","-","A","E","-","C","B",20
"219","jhnxicwfam",1.07,"1.01-09","redoviti",NA,NA,"","F","A111","E","D","D","C","A","C","E","A","C","B",19.5
"220","cdzbfxstnu",1.02,"1.01-15","redoviti",NA,142,"gimnazija","M","A209","B","D","B","C","A","A","E","A","E","B",19.5
"221","xtyolajsbv",1.05,"1.01-01","redoviti",NA,73,"gimnazija","F","A211","E","D","B","E","A","C","E","A","C","B",19.5
"222","xlwnmdoptq",1.09,"-","ponavlja",1,NA,"","M","A211","D","D","D","C","A","A","E","A","C","B",19.5
"223","ecqasmyonx",1.02,"1.01-14","redoviti",NA,NA,"","M","A301","D","D","B","C","A","A","E","A","E","B",19.5
"224","vafwozlcdm",1.06,"1.01-19","redoviti",NA,NA,"gimnazija","M","A301","E","D","D","C","A","A","E","B","C","B",19.5
"225","hevajkqsri",1.05,"1.01-03","redoviti",NA,NA,"gimnazija","M","A302","E","D","B","E","B","A","E","A","C","B",19.5
"226","xtbgauqzns",1.09,"1.01-06","redoviti",NA,NA,"tehni?ka","M","B2","E","D","D","C","B","A","E","A","C","B",19.5
"227","bcfzwxlrpi",1.09,"1.01-06","redoviti",NA,50,"gimnazija","M","B4","E","C","B","C","D","A","E","A","C","B",19.5
"228","gnyjsiqapb",1.02,"1.01-15","redoviti",NA,1,"gimnazija","M","B4","E","D","D","C","D","A","E","A","C","B",19.5
"229","vljquxbsaf",1.08,"1.01-25","redoviti",NA,NA,"gimnazija","M","B4","B","D","D","C","A","A","E","A","C","B",19.5
"230","zvikxutcrp",1.06,"1.01-24","redoviti",NA,NA,"","M","C12-02","E","D","D","C","A","B","E","A","C","B",19.5
"231","picgwkhont",1.06,"1.01-17","redoviti",NA,NA,"gimnazija","M","D1","E","D","D","C","A","A","E","C","C","B",19.5
"232","gzfqumdylt",1.02,"1.01-14","redoviti",NA,NA,"","M","D152","E","D","D","C","A","C","E","A","C","B",19.5
"233","tolfiscdyh",1.06,"1.01-18","redoviti",NA,352,"gimnazija","F","D2","E","D","B","E","C","A","E","A","C","B",19.5
"234","lxstegzyjk",1.07,"1.01-31","redoviti",NA,NA,"gimnazija","M","D2","E","D","D","C","C","A","E","A","C","B",19.5
"235","jqyokrwaxs",1.07,"1.01-10","redoviti",NA,NA,"","M","D260","E","D","D","C","B","A","E","A","C","B",19.5
"236","okcshqxtdv",1.08,"1.01-26","redoviti",NA,NA,"gimnazija","M","D272","E","D","D","C","C","A","E","A","C","B",19.5
"237","kjviatuqwn",1.04,"1.01-31","redoviti",NA,NA,"gimnazija","M","D272","E","D","D","C","A","A","A","A","C","B",19.5
"238","inmysfbjot",1.09,"-","ponavlja",1,NA,"","M","A111","C","D","B","C","A","A","E","-","C","B",19
"239","kcpmzortnd",1.09,"-","ponavlja",1,NA,"","M","A201","E","-","-","C","-","A","E","A","C","B",19
"240","vyekiurmph",1.08,"1.01-32","redoviti",NA,NA,"","M","A202","E","D","B","C","B","A","-","A","C","B",19
"241","fcahymuwpo",1.01,"1.01-13","redoviti",NA,NA,"gimnazija","M","A211","E","D","B","C","C","A","E","A","C","-",19
"242","hbysitfnpc",1.05,"1.01-20","ponavlja",2,NA,"","M","A301","-","D","B","C","A","A","E","A","C","A",19
"243","upwcgyoets",1.03,"1.01-22","redoviti",NA,NA,"gimnazija","M","B1","E","D","B","C","B","A","E","A","C","-",19
"244","vryxozlkhd",1.03,"1.01-20","redoviti",NA,NA,"","F","B4","E","D","B","C","-","C","E","A","C","B",19
"245","mzvltipcro",1.04,"1.01-20","redoviti",NA,NA,"tehni?ka","M","B4","D","D","B","C","A","A","E","-","C","B",19
"246","mvpgciskwx",1.09,"-","ponavlja",1,NA,"","M","C12-02","E","-","B","C","A","A","E","A","-","-",19
"247","exklmuvfzr",1.01,"1.01-04","redoviti",NA,NA,"","M","D1","E","D","B","C","A","A","A","-","C","B",19
"248","cxqfnbkygv",1.09,"-","ponavlja",1,NA,"gimnazija","F","D152","-","-","-","C","A","A","E","A","C","B",19
"249","ztkqgnxumw",1.03,"1.01-23","redoviti",NA,NA,"gimnazija","F","D2","E","D","B","C","A","-","E","C","C","B",19
"250","wdkptsxrgl",1.08,"1.01-32","redoviti",NA,251,"gimnazija","M","D2","E","D","B","C","B","-","E","A","C","B",19
"251","cnjzfxdlpq",1.03,"1.01-23","redoviti",NA,105,"gimnazija","M","D346","E","-","D","B","A","A","E","A","C","B",19
"252","csvuozbrfg",1.05,"-","ponavlja",1,NA,"","F","D346","-","D","B","C","A","C","E","A","C","B",19
"253","rpcybgumqi",1.05,"1.01-03","redoviti",NA,NA,"","M","A209","E","-","D","C","A","A","E","-","C","B",18.5
"254","sguiozdqyc",1.01,"-","ponavlja",1,NA,"","M","B1","-","-","D","C","A","A","E","A","C","B",18.5
"255","gpmlkeqvbn",1.01,"-","ponavlja",1,NA,"gimnazija","M","B1","E","-","D","C","A","A","E","-","C","B",18.5
"256","hcjuvmtzqx",1.02,"1.01-15","redoviti",NA,124,"gimnazija","M","B2","E","-","B","D","A","A","E","-","C","B",18.5
"257","urcvsepzyo",1.04,"1.01-31","redoviti",NA,NA,"gimnazija","M","A111","E","D","B","C","C","C","E","A","C","B",18
"258","irnudpwmha",1.03,"1.01-21","redoviti",NA,NA,"","M","A201","E","D","B","C","B","A","E","C","C","B",18
"259","wujorbgdvh",1.07,"1.01-09","redoviti",NA,NA,"","M","A201","E","D","-","C","A","-","-","A","C","B",18
"260","ykplsevzoj",1.04,"1.01-05","redoviti",NA,NA,"","M","A201","-","-","B","C","A","-","E","A","C","B",18
"261","hpeuomnbat",1.04,"1.01-29","redoviti",NA,NA,"","M","A201","E","-","B","C","A","-","E","-","C","B",18
"262","hmwxozqrle",1.06,"1.01-17","redoviti",NA,NA,"","M","A202","E","D","B","C","B","A","B","A","C","B",18
"263","ghqsevmont",1.06,"1.01-17","redoviti",NA,NA,"","M","A211","E","D","B","C","A","A","A","C","C","B",18
"264","cfwqlnorju",1.01,"1.01-05","redoviti",NA,172,"gimnazija","F","A301","E","-","-","C","A","A","B","A","C","B",18
"265","tqvglembyi",1.01,"1.01-07","redoviti",NA,NA,"","M","A301","D","D","B","C","A","A","E","D","C","B",18
"266","prnfcqovlw",1.02,"1.01-14","redoviti",NA,323,"gimnazija","M","A301","D","D","B","C","A","C","E","A","C","B",18
"267","fpkrhwdsat",1.01,"1.01-07","redoviti",NA,NA,"tehni?ka","M","A302","E","D","B","C","B","A","B","A","C","B",18
"268","dyatsqhnmp",1.06,"1.01-17","redoviti",NA,NA,"","M","A302","-","D","D","B","A","A","E","A","C","B",18
"269","ntpxcfuogq",1.01,"-","ponavlja",1,NA,"gimnazija","F","A302","-","-","B","C","A","A","E","-","C","B",18
"270","ohdzpqgyvl",1.03,"1.01-22","redoviti",NA,NA,"","M","B1","E","D","B","C","A","-","E","A","-","-",18
"271","hmbyedfqjk",1.09,"-","ponavlja",1,NA,"","F","B1","E","-","B","C","-","-","E","A","C","B",18
"272","vsjoxgiypd",1.04,"1.01-29","redoviti",NA,NA,"","M","B4","E","-","B","C","A","A","-","-","C","B",18
"273","jnohrxdufq",1.05,"1.01-06","ponavlja",1,NA,"","M","C12-02","E","-","B","C","A","-","-","A","C","B",18
"274","ikbalqjyfw",1.06,"1.01-18","redoviti",NA,NA,"tehni?ka","M","D152","E","D","B","C","A","A","E","-","-","-",18
"275","quakpyjrnx",1.06,"1.01-19","redoviti",NA,NA,"","M","D152","E","D","B","C","B","A","E","D","C","B",18
"276","qmznuigyht",1.02,"1.01-12","redoviti",NA,NA,"","M","D152","E","D","-","C","A","A","-","-","C","B",18
"277","kdzyjceifh",1.07,"1.01-10","redoviti",NA,NA,"","M","D2","E","D","B","C","B","A","E","B","C","B",18
"278","nqvjtecsho",1.07,"1.01-16","redoviti",NA,NA,"gimnazija","M","D2","D","D","B","C","A","A","D","A","C","B",18
"279","pvodtzxbmg",1.02,"1.01-12","redoviti",NA,NA,"","M","D273","E","D","B","C","B","D","E","A","C","B",18
"280","cuifqholpk",1.07,"1.01-11","redoviti",NA,NA,"","M","D273","E","D","B","C","D","C","E","A","C","B",18
"281","uetnyoimkh",1.09,"1.01-31","redoviti",NA,NA,"","M","D346","E","D","D","E","A","-","E","A","C","B",18
"282","zhwueakyvb",1.05,"1.01-03","redoviti",NA,NA,"gimnazija","M","A111","E","-","D","C","C","A","E","A","C","B",17.5
"283","hnkbotilzf",1.07,"1.01-11","redoviti",NA,NA,"","M","A202","E","-","D","C","A","A","B","A","C","B",17.5
"284","dunbptckjf",1.05,"1.01-03","redoviti",NA,NA,"tehni?ka","M","A209","-","D","D","C","A","A","-","A","C","B",17.5
"285","nfkpavwmix",1.05,"1.01-01","redoviti",NA,NA,"","M","B1","B","-","D","C","A","A","E","A","C","B",17.5
"286","iparblgkfu",1.02,"1.01-07","redoviti",NA,NA,"","M","C12-02","E","-","D","C","A","C","E","A","C","B",17.5
"287","lfzebgtpuq",1.08,"1.01-32","redoviti",NA,261,"gimnazija","M","D1","E","-","B","C","B","A","E","A","A","B",17.5
"288","vpegolqixu",1.09,"1.01-04","ponavlja",1,NA,"gimnazija","M","D1","E","-","D","C","B","A","E","A","C","B",17.5
"289","glsdcwyajt",1.05,"1.01-05","redoviti",NA,636,"tehni?ka","M","D1","E","-","D","C","A","A","E","B","C","B",17.5
"290","mudqvznjxi",1.02,"1.01-14","redoviti",NA,NA,"gimnazija","M","D272","-","D","D","C","A","A","E","A","C","-",17.5
"291","ckfostqizm",1.05,"1.01-02","redoviti",NA,102,"gimnazija","M","D272","E","D","D","C","A","A","-","-","C","B",17.5
"292","hqbfriezlm",1.01,"1.01-07","redoviti",NA,215,"gimnazija","M","D273","E","C","-","C","C","A","E","A","C","B",17.5
"293","sxvkibanlt",1.07,"1.01-09","redoviti",NA,NA,"gimnazija","F","A201","E","-","B","C","A","-","E","C","C","B",17
"294","liuonsvkyh",1.02,"1.01-12","redoviti",NA,243,"gimnazija","M","A211","E","D","B","C","A","-","E","-","C","-",17
"295","vorizulgbe",1.07,"1.01-10","redoviti",NA,NA,"","M","A302","-","-","B","C","C","A","E","A","C","B",17
"296","ikxmpcbruf",1.04,"1.01-30","redoviti",NA,NA,"gimnazija","M","A302","E","D","B","C","A","E","E","A","-","-",17
"297","bptxhqdgoy",1.06,"1.01-17","redoviti",NA,NA,"","M","B1","E","-","B","C","D","A","E","-","C","B",17
"298","xhtbmawrqz",1.09,"1.01-11","ponavlja",1,231,"gimnazija","M","B2","E","D","B","C","A","-","-","-","C","B",17
"299","ywnmglevho",1.07,"1.01-11","redoviti",NA,200,"gimnazija","F","C12-02","E","-","B","C","A","A","A","-","C","B",17
"300","fbpiwmeorv",1.09,"-","ponavlja",1,NA,"","M","D1","E","C","A","C","B","A","E","A","C","B",17
"301","tnbdkrampc",1.01,"1.01-07","redoviti",NA,618,"gimnazija","M","D1","E","-","-","C","-","A","E","A","-","B",17
"302","igujbnscam",1.09,"-","ponavlja",1,NA,"tehni?ka","M","D152","-","-","B","C","A","A","C","A","C","B",17
"303","mvfljczbes",1.06,"1.01-18","redoviti",NA,NA,"","M","D152","E","D","D","C","C","A","E","A","D","B",17
"304","huaikvgjex",1.09,"1.01-10","ponavlja",3,NA,"gimnazija","M","D2","A","A","D","C","A","A","E","A","C","B",17
"305","corzpbyvhn",1.08,"1.01-27","redoviti",NA,NA,"","M","D2","D","D","-","C","A","A","E","-","C","B",17
"306","acnsjufxmz",1.03,"-","ponavlja",1,NA,"gimnazija","F","D2","E","-","B","C","A","A","D","-","C","B",17
"307","pjyavnesdx",1.07,"1.01-10","redoviti",NA,NA,"gimnazija","M","D272","E","D","D","E","B","A","E","A","C","B",17
"308","hntofpudrx",1.02,"1.01-14","redoviti",NA,293,"tehni?ka","M","D272","E","-","B","C","A","A","D","-","C","B",17
"309","qtybhmxeco",1.01,"1.01-06","redoviti",NA,NA,"gimnazija","M","D273","-","D","-","C","B","A","E","A","C","B",17
"310","jfeokcqbyn",1.01,"1.01-06","redoviti",NA,157,"","M","A111","E","D","B","D","A","A","B","-","C","B",16.5
"311","wfglvyxjqu",1.05,"1.01-08","redoviti",NA,NA,"gimnazija","M","A209","E","D","B","B","-","E","E","A","C","B",16.5
"312","ibgpcjqvoz",1.04,"1.01-29","redoviti",NA,NA,"","M","A209","-","D","B","D","C","A","E","A","C","B",16.5
"313","ljhxzakqiy",1.07,"1.01-10","redoviti",NA,270,"gimnazija","M","A301","E","D","D","C","B","A","-","A","C","B",16.5
"314","nyqdiwklsa",1.09,"-","ponavlja",1,NA,"","M","A302","E","D","D","C","B","-","E","A","C","B",16.5
"315","xbcrnhovdk",1.09,"1.01-31","redoviti",NA,69,"gimnazija","M","B1","D","D","D","C","A","A","-","A","C","B",16.5
"316","jmvukewznc",1.03,"1.01-21","redoviti",NA,NA,"gimnazija","M","B1","-","D","D","C","B","A","E","A","C","B",16.5
"317","wstcblerpu",1.05,"1.01-08","redoviti",NA,NA,"","M","B4","E","A","B","C","A","A","C","-","C","B",16.5
"318","epnwolhtjq",1.09,"1.01-04","redoviti",NA,84,"gimnazija","F","D1","-","D","D","C","B","A","E","A","C","B",16.5
"319","gwmkiuoaes",1.02,"1.01-15","redoviti",NA,144,"tehni?ka","M","D1","E","D","D","C","B","A","-","A","C","B",16.5
"320","xmakyogpcv",1.05,"1.01-02","redoviti",NA,202,"gimnazija","M","D1","E","D","D","C","A","A","D","-","C","B",16.5
"321","golwpqfvst",1.04,"1.01-31","redoviti",NA,NA,"","M","D152","-","D","B","C","A","B","E","A","A","B",16.5
"322","ixqarfejvz",1.04,"1.01-29","redoviti",NA,385,"gimnazija","M","D152","E","D","D","C","B","-","E","A","C","B",16.5
"323","kioaxqpchm",1.09,"1.01-07","redoviti",NA,93,"gimnazija","M","D260","E","D","D","C","B","-","E","A","C","B",16.5
"324","ybrqlmsvjf",1.04,"1.01-29","redoviti",NA,440,"tehni?ka","M","D346","-","-","-","C","A","A","E","A","A","B",16.5
"325","cmfojhxbry",1.06,"1.01-17","redoviti",NA,NA,"tehni?ka","M","A201","E","D","B","C","C","-","-","A","C","B",16
"326","vwhrsoafji",1.09,"1.01-31","redoviti",NA,NA,"","F","A201","E","-","-","C","A","A","-","-","C","B",16
"327","virqudogzf",1.02,"1.01-13","redoviti",NA,NA,"","M","B1","-","-","-","C","A","A","E","A","C","-",16
"328","zhmuqvewbf",1.02,"1.01-15","redoviti",NA,NA,"","M","D1","-","-","B","C","A","A","E","A","-","-",16
"329","whnfbsqikv",1.02,"1.01-12","redoviti",NA,25,"gimnazija","M","D2","E","-","B","C","A","C","E","C","C","B",16
"330","tvlsbimoqa",1.01,"-","ponavlja",1,NA,"","F","D2","E","D","B","C","-","A","D","-","C","B",16
"331","sjfyogdbrk",1.03,"1.01-20","redoviti",NA,NA,"gimnazija","F","D2","E","D","B","C","D","A","E","-","C","-",16
"332","outlxmyasq",1.06,"1.01-16","redoviti",NA,124,"gimnazija","M","D2","E","-","-","C","C","A","E","A","-","B",16
"333","irxcdeyqpa",1.08,"1.01-26","redoviti",NA,NA,"tehni?ka","M","D260","-","D","B","C","B","-","E","A","C","B",16
"334","mlfvpcjsak",1.02,"-","ponavlja",1,NA,"gimnazija","F","D272","A","D","B","C","A","-","E","-","C","B",16
"335","lnsdqgvupa",1.01,"1.01-04","redoviti",NA,NA,"gimnazija","M","D346","-","D","B","C","A","-","B","A","C","B",16
"336","deojlxtkfc",1.07,"1.01-09","redoviti",NA,NA,"gimnazija","M","A201","B","D","D","C","B","A","E","A","C","B",15.5
"337","mgsktyfwzh",1.03,"1.01-20","redoviti",NA,NA,"gimnazija","F","A301","E","D","D","C","C","A","E","A","C","E",15.5
"338","fewhsizvpy",1.07,"1.01-11","redoviti",NA,372,"tehni?ka","M","A301","E","-","D","C","-","A","E","-","C","B",15.5
"339","inmbgyuxwa",1.02,"1.01-12","redoviti",NA,NA,"tehni?ka","M","A302","-","D","D","C","A","A","-","A","-","B",15.5
"340","npdtxzqkrv",1.02,"1.01-14","redoviti",NA,NA,"","M","B1","-","-","D","C","A","A","-","A","C","B",15.5
"341","qphjsnroxe",1.02,"1.01-14","redoviti",NA,NA,"","M","B1","-","-","D","C","A","A","E","-","C","B",15.5
"342","wvipndlsuq",1.06,"1.01-18","redoviti",NA,NA,"","M","C12-02","E","D","D","C","C","A","D","A","C","B",15.5
"343","aefwdniomu",1.09,"-","ponavlja",1,NA,"gimnazija","M","D152","-","D","-","E","-","A","E","A","C","B",15.5
"344","lofznmbydc",1.06,"1.01-24","redoviti",NA,NA,"tehni?ka","M","D2","E","D","-","E","-","-","E","A","C","B",15.5
"345","mcvhoqjier",1.04,"1.01-30","redoviti",NA,NA,"","M","D2","E","C","D","E","A","A","E","-","C","B",15.5
"346","vjzfeabtil",1.08,"1.01-32","redoviti",NA,NA,"","F","D2","E","-","D","C","A","-","E","-","C","B",15.5
"347","tpswiofkqa",1.04,"1.01-31","redoviti",NA,NA,"tehni?ka","M","D2","E","D","B","C","C","A","D","A","D","B",15.5
"348","scybrdpvfo",1.07,"1.01-09","redoviti",NA,586,"gimnazija","M","D260","-","-","D","C","A","A","E","A","C","-",15.5
"349","euyxrgqtaz",1.01,"1.01-04","redoviti",NA,NA,"","M","D260","E","D","D","C","B","C","E","A","C","B",15.5
"350","dfrltjeovs",1.04,"1.01-28","redoviti",NA,NA,"tehni?ka","M","D272","E","D","D","C","A","C","B","A","C","B",15.5
"351","secgqrfoau",1.04,"1.01-31","redoviti",NA,NA,"","M","D346","E","D","D","C","B","C","E","A","C","B",15.5
"352","xcjuifbpzm",1.01,"1.01-06","redoviti",NA,NA,"gimnazija","M","D346","E","D","D","C","D","A","C","A","C","B",15.5
"353","rvkuetomiq",1.09,"1.01-18","ponavlja",1,NA,"gimnazija","F","A111","E","D","B","C","B","B","E","A","C","-",15
"354","ohesnaxjci",1.03,"1.01-06","redoviti",NA,285,"tehni?ka","M","A201","B","D","B","C","-","A","E","C","C","B",15
"355","jdhwpvtefb",1.04,"1.01-28","redoviti",NA,NA,"","M","A201","-","-","B","C","A","-","E","-","C","B",15
"356","qmbgatfiyk",1.04,"1.01-30","redoviti",NA,NA,"gimnazija","M","A301","E","D","-","C","-","A","-","-","C","B",15
"357","tycgarnezj",1.07,"1.01-11","redoviti",NA,NA,"gimnazija","M","A302","D","D","B","C","D","A","E","-","C","B",15
"358","syjqzvxopd",1.03,"1.01-22","redoviti",NA,NA,"gimnazija","M","B1","-","-","-","C","A","A","C","A","C","B",15
"359","dkyewjnzmu",1.07,"1.01-09","redoviti",NA,NA,"gimnazija","F","B2","E","C","D","C","A","-","E","-","C","B",15
"360","lgziyvmjnq",1.05,"1.01-03","redoviti",NA,NA,"gimnazija","M","B2","E","-","B","C","A","-","-","-","C","B",15
"361","hpgqzwbesr",1.06,"1.01-24","redoviti",NA,NA,"gimnazija","M","C12-02","E","-","D","E","C","A","E","A","C","B",15
"362","dcyboztkph",1.01,"1.01-06","redoviti",NA,NA,"","M","D1","-","D","-","C","-","A","E","-","C","B",15
"363","pzgycmraxu",1.04,"1.01-30","redoviti",NA,270,"gimnazija","M","D272","C","D","B","C","A","A","-","C","C","B",15
"364","ealosqnimk",1.06,"1.01-17","redoviti",NA,NA,"","M","D273","-","D","B","C","E","D","E","A","C","B",15
"365","pjdolcyhmt",1.02,"1.01-13","redoviti",NA,401,"gimnazija","F","D273","-","D","B","C","A","D","A","A","C","B",15
"366","tzwpmxkjac",1.02,"1.01-13","redoviti",NA,NA,"gimnazija","M","A111","E","-","D","C","A","E","E","-","C","B",14.5
"367","sejxlbpymf",1.04,"1.01-29","redoviti",NA,NA,"","F","A211","E","D","D","C","-","-","E","-","C","B",14.5
"368","upbsdljmkv",1.01,"1.01-05","redoviti",NA,NA,"","F","B1","E","-","B","C","A","-","B","A","E","B",14.5
"369","ikwlbhmrzu",1.01,"1.01-07","redoviti",NA,NA,"gimnazija","F","B1","E","D","D","C","A","-","-","-","C","B",14.5
"370","numbtesqvf",1.09,"-","ponavlja",1,NA,"","M","B2","E","C","B","E","E","A","E","A","D","B",14.5
"371","bfejvqrxwn",1.09,"-","ponavlja",1,NA,"gimnazija","M","B4","E","-","B","E","C","-","E","A","C","B",14.5
"372","efhqzbnscr",1.03,"1.01-20","redoviti",NA,NA,"gimnazija","F","D1","E","-","B","C","C","A","E","-","A","B",14.5
"373","fmtlohnzbg",1.02,"1.01-13","redoviti",NA,NA,"gimnazija","M","D2","-","-","D","C","A","C","E","A","C","B",14.5
"374","tngylucdkm",1.04,"1.01-30","redoviti",NA,NA,"","M","D260","-","D","D","C","A","A","E","-","C","-",14.5
"375","tdlfhpgrsx",1.06,"1.01-19","redoviti",NA,141,"gimnazija","F","D272","-","D","D","C","A","A","-","-","C","B",14.5
"376","muxivfesay",1.04,"1.01-30","redoviti",NA,NA,"","F","A111","E","C","A","C","A","A","B","-","C","B",14
"377","igsxarpywo",1.08,"1.01-25","redoviti",NA,1,"gimnazija","M","A111","A","D","B","C","D","C","E","A","C","B",14
"378","owpvkgtfxe",1.06,"1.01-17","redoviti",NA,NA,"","F","A201","-","-","B","C","B","A","-","A","C","B",14
"379","mlcgdrqehp",1.01,"1.01-07","redoviti",NA,NA,"tehni?ka","M","A202","-","D","B","C","D","A","E","-","-","B",14
"380","mltwopbzcq",1.07,"1.01-09","redoviti",NA,NA,"gimnazija","M","A202","E","-","B","C","A","-","E","-","C","C",14
"381","byqxtakhzw",1.01,"1.01-04","redoviti",NA,NA,"","F","A301","E","C","D","C","B","A","E","A","C","-",14
"382","gsoiurnzwv",1.02,"-","ponavlja",1,NA,"gimnazija","M","A302","E","C","D","C","B","-","E","A","C","B",14
"383","seoixtlwrk",1.06,"1.01-17","redoviti",NA,NA,"gimnazija","M","B1","E","D","D","E","B","A","E","-","C","B",14
"384","nudhtijpry",1.01,"1.01-07","redoviti",NA,447,"tehni?ka","M","B2","-","-","B","C","B","A","E","-","C","B",14
"385","mxibzdrlnj",1.07,"1.01-11","redoviti",NA,NA,"","M","C12-02","E","C","D","C","C","A","E","-","C","B",14
"386","khofjcbpzt",1.07,"1.01-09","redoviti",NA,NA,"tehni?ka","M","D152","E","D","B","C","B","A","C","D","C","B",14
"387","zgqpabhsuc",1.02,"1.01-14","redoviti",NA,NA,"","M","D2","B","-","B","C","A","A","-","-","C","B",14
"388","nbftiulowg",1.06,"1.01-24","redoviti",NA,NA,"","F","D2","A","D","B","C","B","A","E","D","C","B",14
"389","cqigowltax",1.04,"1.01-28","redoviti",NA,NA,"","M","D260","E","D","B","C","A","D","D","C","C","B",14
"390","fkitrghpbv",1.05,"1.01-02","redoviti",NA,NA,"gimnazija","F","D260","D","-","B","C","A","A","-","-","C","B",14
"391","yvmpwnqikg",1.05,"1.01-08","redoviti",NA,NA,"gimnazija","M","D346","E","-","B","C","A","C","-","-","C","B",14
"392","pefyitdhsq",1.03,"1.01-08","redoviti",NA,NA,"tehni?ka","M","A202","-","D","D","C","E","A","E","-","C","B",13.5
"393","gudvrfexnp",1.04,"1.01-28","redoviti",NA,NA,"","M","B1","-","D","D","C","-","D","E","A","C","B",13.5
"394","ditzwfybav",1.08,"1.01-25","redoviti",NA,NA,"","M","B1","E","D","D","C","B","A","-","-","C","B",13.5
"395","gdwpbxflta",1.06,"1.01-17","redoviti",NA,NA,"gimnazija","M","B1","D","-","A","C","A","A","B","A","C","B",13.5
"396","qdvbstfzro",1.06,"1.01-18","redoviti",NA,NA,"","F","B1","-","D","D","C","A","D","E","-","C","B",13.5
"397","cmyifkozwr",1.03,"1.01-23","redoviti",NA,NA,"","M","B2","-","D","B","C","E","-","E","A","B","B",13.5
"398","utkboinmvh",1.08,"1.01-26","redoviti",NA,338,"gimnazija","F","B4","E","D","D","C","A","E","-","-","C","B",13.5
"399","gfnrqyitse",1.01,"1.01-06","redoviti",NA,NA,"gimnazija","M","B4","E","-","D","C","C","A","B","A","C","B",13.5
"400","jbvhymfnxd",1.09,"1.01-22","redoviti",NA,576,"tehni?ka","M","D152","B","D","D","C","-","A","E","-","C","B",13.5
"401","myuhqflnji",1.09,"-","ponavlja",1,NA,"","M","D152","D","D","B","C","-","A","E","-","E","B",13.5
"402","pxonzgkbca",1.05,"1.01-01","redoviti",NA,NA,"gimnazija","F","D2","C","-","-","D","A","A","E","A","-","B",13.5
"403","iuqrywkalm",1.04,"1.01-31","redoviti",NA,NA,"gimnazija","M","D2","-","D","D","C","C","A","E","A","C","-",13.5
"404","cblhuapeqi",1.06,"1.01-24","redoviti",NA,NA,"","M","D2","E","D","B","D","D","-","E","-","C","B",13.5
"405","khlpiqwstg",1.04,"1.01-29","redoviti",NA,NA,"","M","D2","E","D","D","C","B","-","E","-","C","B",13.5
"406","plzdtsjyxc",1.09,"-","ponavlja",1,NA,"gimnazija","F","D273","E","D","D","C","-","A","E","-","C","A",13.5
"407","yxmisfrtaz",1.06,"1.01-24","redoviti",NA,NA,"gimnazija","M","D273","E","-","D","C","B","D","E","A","C","B",13.5
"408","rojcplykhi",1.02,"1.01-13","redoviti",NA,NA,"","M","D346","D","D","B","B","A","A","E","-","C","-",13.5
"409","vewzlcxuoy",1.04,"1.01-29","redoviti",NA,NA,"","M","D346","-","D","D","C","A","C","E","-","C","B",13.5
"410","qztfemjoxy",1.07,"-","ponavlja",1,NA,"gimnazija","M","A111","E","B","A","C","B","D","E","A","C","B",13
"411","nmyfxlboek",1.02,"1.01-13","redoviti",NA,NA,"gimnazija","M","A202","E","-","D","A","A","-","E","-","C","B",13
"412","nomudewgsf",1.09,"-","ponavlja",1,NA,"","M","A211","E","D","D","B","-","A","-","A","-","B",13
"413","usozpdxeay",1.07,"1.01-16","redoviti",NA,NA,"gimnazija","F","A301","-","D","B","C","C","-","E","-","C","B",13
"414","ufdsobcvjr",1.09,"1.01-09","ponavlja",1,NA,"","M","A302","B","D","D","E","B","A","E","A","C","B",13
"415","rznyswqfud",1.09,"-","ponavlja",1,NA,"","M","A302","E","-","-","C","-","A","E","-","C","-",13
"416","laqjzicnft",1.08,"1.01-27","redoviti",NA,NA,"tehni?ka","M","B2","-","D","B","C","B","A","-","-","C","B",13
"417","vqrjkhclai",1.04,"1.01-28","redoviti",NA,NA,"","F","B4","E","D","B","C","-","-","-","A","C","A",13
"418","cowgynpumh",1.03,"1.01-16","redoviti",NA,NA,"gimnazija","M","B4","E","D","D","E","B","C","E","A","C","B",13
"419","ajdobsievx",1.08,"1.01-26","redoviti",NA,NA,"gimnazija","F","D2","D","D","B","C","-","-","E","-","C","B",13
"420","kxahnspqmr",1.08,"1.01-26","redoviti",NA,NA,"gimnazija","M","D260","B","D","-","C","B","-","E","A","C","B",13
"421","hvmxykfpns",1.03,"1.01-14","redoviti",NA,1,"tehni?ka","M","D260","A","-","B","C","C","-","E","A","C","B",13
"422","rqipfenacy",1.09,"-","ponavlja",1,115,"gimnazija","M","A201","E","-","D","C","-","A","-","-","C","B",12.5
"423","yazpnvkwxj",1.08,"1.01-26","redoviti",NA,NA,"gimnazija","M","A201","E","-","D","C","A","-","-","-","C","B",12.5
"424","ydakpcutxh",1.05,"1.01-27","ponavlja",1,NA,"tehni?ka","M","A202","E","D","D","C","C","A","B","-","C","B",12.5
"425","efnhjgmdcw",1.09,"-","ponavlja",1,NA,"","F","A301","-","-","D","C","-","A","E","-","C","B",12.5
"426","avikufsbqz",1.08,"1.01-25","redoviti",NA,593,"gimnazija","M","B2","E","-","-","D","A","C","E","A","C","-",12.5
"427","zmqponysre",1.08,"-","ponavlja",1,NA,"","M","C12-02","-","D","D","C","A","C","D","A","C","B",12.5
"428","uznkwiltfq",1.01,"1.01-05","redoviti",NA,NA,"gimnazija","F","D1","-","-","D","C","-","-","E","A","C","B",12.5
"429","xiocnsrwva",1.05,"1.01-01","redoviti",NA,NA,"","M","D1","E","C","B","C","B","A","B","-","C","B",12.5
"430","fytviawlnk",1.04,"-","ponavlja",1,NA,"","M","D152","D","D","B","B","-","A","D","A","C","B",12.5
"431","mkfgqtpjod",1.05,"1.01-08","redoviti",NA,NA,"gimnazija","M","D2","E","D","B","B","B","A","C","-","C","B",12.5
"432","zhukrsqwyf",1.03,"1.01-23","redoviti",NA,NA,"gimnazija","M","D2","E","-","D","C","A","-","-","-","C","B",12.5
"433","ocmlxvnaqe",1.06,"1.01-24","redoviti",NA,NA,"gimnazija","M","D272","E","-","D","C","-","-","-","A","C","B",12.5
"434","yjiehsnwdl",1.01,"1.01-06","redoviti",NA,NA,"gimnazija","M","D346","-","D","D","-","-","A","E","-","C","B",12.5
"435","giejahcvun",1.06,"1.01-24","redoviti",NA,NA,"","F","D346","-","D","D","C","B","A","A","A","C","B",12.5
"436","kzhmbpcxqo",1.05,"1.01-03","redoviti",NA,NA,"","M","A201","E","-","-","C","A","-","C","-","C","B",12
"437","ojbwxzfeqg",1.07,"1.01-09","redoviti",NA,NA,"","M","A202","A","D","B","C","A","-","-","A","C","C",12
"438","kbqzfnjloi",1.04,"1.01-31","redoviti",NA,237,"gimnazija","M","A209","E","D","B","C","-","A","-","-","-","-",12
"439","tlbyfwdizk",1.02,"1.01-15","redoviti",NA,NA,"gimnazija","M","A209","A","-","-","C","-","A","E","A","C","-",12
"440","omcgezdisy",1.02,"-","ponavlja",1,NA,"","M","A211","E","D","B","C","C","-","E","-","C","A",12
"441","xqjfazbtkm",1.03,"1.01-20","redoviti",NA,NA,"gimnazija","M","A211","E","D","B","-","-","-","-","-","C","B",12
"442","cvhriklyeo",1.02,"1.01-12","redoviti",NA,NA,"","F","B1","-","-","B","C","A","-","-","-","C","B",12
"443","tqowgxkufy",1.03,"1.01-22","redoviti",NA,554,"gimnazija","M","B4","-","-","B","C","A","-","-","-","C","B",12
"444","wvgsecrxah",1.08,"1.01-25","redoviti",NA,NA,"gimnazija","M","D1","D","D","B","C","A","-","B","A","C","-",12
"445","xwndjupisz",1.07,"1.01-16","redoviti",NA,NA,"","M","D260","-","-","-","C","C","A","-","A","C","B",12
"446","xwbavdtuno",1.06,"1.01-18","redoviti",NA,NA,"","M","D272","E","-","B","C","A","D","-","-","-","B",12
"447","ckdjfzlxsr",1.03,"1.01-20","redoviti",NA,NA,"","M","D273","E","-","-","C","D","A","-","-","C","B",12
"448","pldsirqghj",1.04,"1.01-30","redoviti",NA,NA,"tehni?ka","M","D346","E","C","D","C","A","-","-","-","C","B",12
"449","dcqoiwxyea",1.01,"-","ponavlja",1,NA,"","M","A111","D","D","B","C","A","D","D","A","D","B",11.5
"450","zaijkpdeur",1.08,"1.01-27","redoviti",NA,NA,"","M","A201","E","D","D","C","-","-","-","-","C","B",11.5
"451","vbruadshnz",1.01,"1.01-07","redoviti",NA,223,"gimnazija","M","A202","E","D","D","C","A","-","-","-","C","-",11.5
"452","hmwzibvkje",1.01,"1.01-24","redoviti",NA,340,"tehni?ka","M","A202","-","D","D","C","A","-","-","-","C","B",11.5
"453","zayfrbqmpn",1.03,"-","ponavlja",1,NA,"gimnazija","F","A209","-","E","E","C","A","A","E","C","A","B",11.5
"454","nfwgjzmtpa",1.04,"1.01-28","redoviti",NA,NA,"","M","A211","D","D","D","C","D","A","A","A","C","B",11.5
"455","gvfcudmetj",1.08,"1.01-27","redoviti",NA,NA,"","M","A211","E","D","D","C","A","-","-","-","C","-",11.5
"456","tszbunhfck",1.07,"1.01-09","redoviti",NA,NA,"gimnazija","M","A211","E","-","B","E","-","D","E","-","C","B",11.5
"457","jqtrbcsgnm",1.03,"1.01-20","redoviti",NA,NA,"","M","A302","D","-","D","C","A","-","E","-","C","B",11.5
"458","naipslczrf",1.05,"1.01-08","redoviti",NA,NA,"","M","A302","A","-","D","C","A","-","E","-","C","B",11.5
"459","ivpncqsayb",1.07,"1.01-11","redoviti",NA,289,"gimnazija","F","B4","B","D","D","C","B","C","E","A","C","B",11.5
"460","bnszfgvtpd",1.03,"1.01-20","redoviti",NA,NA,"gimnazija","M","B4","E","-","D","C","A","C","-","-","C","B",11.5
"461","ofvzqsxjtn",1.04,"1.01-30","redoviti",NA,NA,"","M","B4","B","-","D","C","A","A","-","-","C","B",11.5
"462","zovwrpmscb",1.03,"1.01-20","redoviti",NA,NA,"","M","D1","E","D","D","C","-","-","-","A","C","-",11.5
"463","lbfvtyzieh",1.04,"1.01-28","redoviti",NA,NA,"","M","D1","E","B","B","C","B","C","E","C","C","B",11.5
"464","grdsfcmkwx",1.01,"1.01-06","redoviti",NA,NA,"gimnazija","M","D2","-","D","D","C","A","-","-","-","C","B",11.5
"465","xqnvwtglhi",1.02,"1.01-14","redoviti",NA,158,"gimnazija","F","D2","D","D","D","C","B","A","A","A","C","B",11.5
"466","kgduleipya",1.02,"1.01-15","redoviti",NA,NA,"","M","D272","E","D","B","C","-","-","E","-","E","-",11.5
"467","avwybndfom",1.02,"1.01-13","redoviti",NA,NA,"","M","D273","E","B","D","C","-","A","D","A","B","B",11.5
"468","zmwiyqedpf",1.05,"1.01-02","redoviti",NA,NA,"gimnazija","M","A111","-","D","D","D","A","A","-","C","C","B",11
"469","stozehdyrm",1.03,"-","ponavlja",1,NA,"","M","A202","-","-","-","C","B","A","E","B","C","B",11
"470","xeqvizufta",1.08,"1.01-26","redoviti",NA,NA,"gimnazija","M","A209","-","C","A","C","A","A","C","-","C","B",11
"471","hxjuabytgd",1.06,"1.01-19","redoviti",NA,NA,"gimnazija","M","A301","E","-","B","C","A","-","-","-","C","C",11
"472","maopvxkzbs",1.07,"1.01-11","redoviti",NA,NA,"","M","B1","-","D","-","C","B","A","-","-","C","B",11
"473","ikwoxgfqsz",1.09,"-","ponavlja",1,NA,"gimnazija","M","B1","E","D","B","C","B","-","E","-","-","-",11
"474","fumgbyinlh",1.04,"1.01-29","redoviti",NA,440,"tehni?ka","M","B2","-","-","B","C","A","A","-","-","C","A",11
"475","pztdmknofl",1.07,"1.01-10","redoviti",NA,NA,"gimnazija","M","B4","E","-","B","C","B","-","-","-","C","B",11
"476","atcqifpgyl",1.01,"1.01-05","redoviti",NA,NA,"","M","D1","-","-","B","C","-","C","E","A","C","-",11
"477","gvfpdoqehy",1.03,"1.01-20","redoviti",NA,NA,"","M","D2","E","D","D","C","-","A","E","-","E","A",11
"478","tzwlejbpxh",1.04,"1.01-30","redoviti",NA,470,"gimnazija","M","D260","-","D","B","C","-","-","-","A","C","-",11
"479","almzjpsgid",1.01,"1.01-07","redoviti",NA,NA,"","M","D260","E","-","-","C","B","-","D","A","C","B",11
"480","dzeknygobw",1.03,"1.01-22","redoviti",NA,NA,"gimnazija","M","D273","E","D","-","C","-","C","E","A","-","A",11
"481","xdilyjhskz",1.07,"1.01-09","redoviti",NA,NA,"gimnazija","M","D346","D","-","-","C","D","-","E","A","C","B",11
"482","jsbdpoqhlu",1.08,"1.01-27","redoviti",NA,57,"gimnazija","F","D346","-","D","A","E","B","-","E","A","C","B",11
"483","usfkejxwyl",1.05,"1.01-01","redoviti",NA,NA,"","M","A111","D","D","D","C","A","-","-","-","C","B",10.5
"484","qmfvryosdk",1.09,"-","ponavlja",1,NA,"gimnazija","M","A201","D","-","D","C","D","-","E","A","C","B",10.5
"485","vghprwsdtb",1.04,"1.01-28","redoviti",NA,NA,"","F","A202","-","D","D","C","C","-","E","A","C","-",10.5
"486","jqlytrkauf",1.08,"1.01-32","redoviti",NA,NA,"","M","A202","E","-","B","D","-","A","C","D","C","B",10.5
"487","vjiqdhozwl",1.09,"1.01-10","redoviti",NA,NA,"","M","A301","E","-","D","C","E","A","A","-","C","B",10.5
"488","cbiodrqsvl",1.06,"1.01-18","redoviti",NA,NA,"","M","D1","-","-","A","C","A","C","C","A","C","B",10.5
"489","opbmzqyetl",1.08,"1.01-25","redoviti",NA,NA,"gimnazija","F","D1","E","-","D","C","A","A","A","-","C","C",10.5
"490","lsmyqenkoc",1.02,"1.01-15","redoviti",NA,NA,"","M","D152","C","-","D","C","A","A","-","C","C","B",10.5
"491","apxlcyuvft",1.09,"-","ponavlja",1,NA,"","M","D152","E","D","D","C","C","A","B","A","-","-",10.5
"492","bokdqpanwr",1.03,"1.01-21","redoviti",NA,NA,"","M","D152","B","D","D","C","A","C","-","A","-","B",10.5
"493","ngwaqcdtsr",1.09,"-","ponavlja",1,NA,"","M","D2","A","A","D","D","A","A","E","C","C","B",10.5
"494","vfzadwhoun",1.03,"1.01-21","redoviti",NA,NA,"","F","D2","-","-","D","C","C","A","E","A","C","D",10.5
"495","svtgqcalow",1.07,"1.01-10","redoviti",NA,NA,"","M","D260","A","D","D","C","-","A","-","A","C","-",10.5
"496","wrfcatbdip",1.09,"1.01-05","redoviti",NA,NA,"gimnazija","M","D272","E","A","A","E","C","A","E","D","C","B",10.5
"497","jlteovxisu",1.09,"-","ponavlja",1,NA,"","M","D272","E","-","D","C","D","-","D","A","C","B",10.5
"498","rlcwdavsug",1.08,"1.01-32","redoviti",NA,NA,"","F","A111","E","-","-","C","-","-","-","-","C","B",10
"499","ownldtvxci",1.05,"1.01-01","redoviti",NA,NA,"gimnazija","M","A201","-","-","B","C","B","-","D","A","C","B",10
"500","rxwjszagpm",1.03,"1.01-22","redoviti",NA,NA,"gimnazija","F","A202","A","D","D","C","A","-","E","C","D","B",10
"501","yhenuoalbd",1.07,"1.01-16","redoviti",NA,NA,"gimnazija","M","B1","E","-","D","C","A","-","E","-","D","-",10
"502","borgwacndz",1.04,"1.01-31","redoviti",NA,NA,"","F","B1","E","C","D","C","B","A","-","C","C","B",10
"503","agcoqkhnet",1.05,"1.01-02","redoviti",NA,580,"tehni?ka","M","B4","-","-","B","C","B","A","D","-","C","B",10
"504","kozpmewxfd",1.06,"1.01-18","redoviti",NA,NA,"gimnazija","M","B4","-","D","-","C","B","C","-","A","C","B",10
"505","swknxdzaic",1.01,"1.01-06","redoviti",NA,NA,"gimnazija","M","C12-02","-","-","B","C","C","C","E","-","C","B",10
"506","zlvwqdrtjy",1.05,"1.01-01","redoviti",NA,NA,"gimnazija","M","C12-02","-","-","-","C","A","-","-","-","C","B",10
"507","tufrxjmaqi",1.04,"1.01-30","redoviti",NA,NA,"gimnazija","M","D1","-","D","B","C","B","-","-","-","C","B",10
"508","xgdkaqylpi",1.05,"1.01-03","redoviti",NA,NA,"gimnazija","M","D152","-","-","-","C","A","-","E","-","C","-",10
"509","tearbhcmkj",1.01,"1.01-04","redoviti",NA,NA,"gimnazija","M","D2","-","D","B","C","B","-","-","-","C","B",10
"510","uiblmzcgqx",1.04,"1.01-28","redoviti",NA,NA,"gimnazija","M","D260","E","D","-","C","-","A","-","-","-","-",10
"511","krpwsqlnbi",1.02,"1.01-05","redoviti",NA,NA,"gimnazija","M","D272","D","D","B","C","-","-","E","A","-","C",10
"512","oqrhkitsua",1.04,"1.01-30","redoviti",NA,NA,"","M","D273","-","-","B","C","D","A","A","-","C","B",10
"513","gfspqhotvl",1.02,"1.01-14","redoviti",NA,NA,"","M","D346","-","-","D","D","A","A","-","A","C","-",10
"514","oehwkzfarl",1.03,"1.01-22","redoviti",NA,NA,"","M","D346","C","D","B","C","A","-","-","-","C","-",10
"515","suzxhpioqw",1.08,"1.01-32","redoviti",NA,NA,"gimnazija","M","D346","-","D","D","C","A","B","E","A","B","C",10
"516","xqrvnwidej",1.09,"-","ponavlja",1,NA,"","F","A201","E","C","D","B","A","-","E","A","-","A",9.5
"517","pjlfnuqsmh",1.08,"1.01-27","redoviti",NA,265,"gimnazija","F","A211","E","D","C","C","-","-","-","-","-","B",9.5
"518","nvcmbodzru",1.08,"1.01-26","redoviti",NA,NA,"gimnazija","M","A301","E","D","B","C","C","C","-","-","A","B",9.5
"519","anyjregbiq",1.01,"1.01-05","redoviti",NA,378,"gimnazija","M","B1","E","D","-","B","-","A","A","A","-","-",9.5
"520","wrayvgszhi",1.04,"-","ponavlja",1,NA,"tehni?ka","M","D1","A","D","D","C","C","-","E","A","C","-",9.5
"521","wkzajlbyxu",1.09,"-","ponavlja",1,NA,"","M","D152","-","B","B","C","A","C","E","-","C","A",9.5
"522","zngylqwjch",1.04,"1.01-31","redoviti",NA,NA,"","M","D2","-","D","B","E","B","A","B","-","C","B",9.5
"523","kjqbphcmza",1.04,"1.01-30","redoviti",NA,NA,"","M","D2","E","-","D","C","B","A","-","-","-","B",9.5
"524","psiontjuxe",1.06,"1.01-19","redoviti",NA,NA,"gimnazija","M","D273","E","D","E","C","-","-","D","C","C","B",9.5
"525","hgwcsmuvtd",1.02,"1.01-12","redoviti",NA,NA,"tehni?ka","M","D273","-","-","D","C","A","A","-","-","C","-",9.5
"526","rvqhyaipfj",1.04,"1.01-29","redoviti",NA,NA,"","M","A111","-","-","B","C","A","-","-","-","C","-",9
"527","zsmapedhou",1.07,"1.01-16","redoviti",NA,NA,"gimnazija","M","A302","E","-","D","B","C","A","E","-","C","-",9
"528","shtxecgdni",1.06,"1.01-19","redoviti",NA,NA,"gimnazija","M","B4","A","E","B","B","A","C","B","A","C","B",9
"529","irsgdlewty",1.09,"-","ponavlja",1,NA,"gimnazija","M","B4","E","C","D","C","C","E","D","A","C","B",9
"530","alufymwqsx",1.09,"-","ponavlja",1,NA,"gimnazija","M","C12-02","-","-","D","D","B","A","E","-","C","B",9
"531","ylfdkzsheo",1.06,"-","ponavlja",1,NA,"","M","D2","D","D","D","E","B","D","E","A","C","B",9
"532","pgztfwdych",1.01,"1.01-05","redoviti",NA,NA,"","F","D260","E","D","-","C","E","-","E","-","-","-",9
"533","bfoxkhvjrl",1.02,"1.01-13","redoviti",NA,NA,"gimnazija","M","D272","D","A","D","C","C","C","E","A","C","B",9
"534","adqxljybws",1.06,"1.01-19","redoviti",NA,NA,"gimnazija","M","A111","E","-","B","C","C","-","-","-","E","B",8.5
"535","sqojuyphaf",1.04,"1.01-14","ponavlja",1,NA,"","F","A111","E","-","D","C","A","E","-","-","C","-",8.5
"536","mvxeuflskp",1.07,"1.01-10","redoviti",NA,NA,"tehni?ka","M","A201","B","-","D","C","-","A","-","-","C","B",8.5
"537","eahwpitnbq",1.02,"1.01-13","redoviti",NA,296,"gimnazija","M","A301","-","D","D","C","A","-","-","-","C","-",8.5
"538","xjbwikqoev",1.09,"1.01-11","ponavlja",1,NA,"","M","A302","C","-","E","C","B","A","E","A","-","-",8.5
"539","kdfqetnrcl",1.06,"1.01-24","redoviti",NA,NA,"tehni?ka","M","A302","-","D","D","C","B","C","B","A","C","B",8.5
"540","bemnwhrfxo",1.08,"1.01-32","redoviti",NA,420,"gimnazija","M","B1","-","E","D","C","A","D","-","A","E","B",8.5
"541","sqhwkrumpe",1.04,"1.01-28","redoviti",NA,NA,"","M","B1","E","D","D","-","C","-","-","A","C","-",8.5
"542","kxvhiulzqs",1.04,"1.01-29","redoviti",NA,NA,"gimnazija","F","B4","-","-","D","C","B","-","E","-","C","B",8.5
"543","qfkgrpsnil",1.08,"1.01-26","redoviti",NA,NA,"","M","B4","B","-","A","C","A","A","-","-","C","-",8.5
"544","phaqnsdwzy",1.04,"1.01-29","redoviti",NA,NA,"","F","C12-02","E","A","D","D","A","E","-","-","C","B",8.5
"545","gohxtjewvf",1.01,"-","ponavlja",1,NA,"gimnazija","M","C12-02","B","D","D","C","B","-","D","A","C","B",8.5
"546","kwtoyzejvp",1.06,"1.01-24","redoviti",NA,NA,"gimnazija","M","D260","D","-","D","-","A","D","E","-","C","B",8.5
"547","yqhsbwlmuf",1.08,"1.01-27","redoviti",NA,NA,"gimnazija","F","D272","E","-","D","C","-","B","-","-","C","B",8.5
"548","peqlfuvnya",1.05,"1.01-08","redoviti",NA,NA,"","M","D272","E","-","-","B","A","-","A","A","C","A",8.5
"549","afhpqxwyve",1.06,"1.01-05","redoviti",NA,NA,"gimnazija","M","D273","E","-","A","C","C","-","E","-","C","-",8.5
"550","qhypgoinbz",1.02,"1.01-12","redoviti",NA,NA,"gimnazija","M","A111","E","-","-","B","-","-","-","A","E","B",8
"551","wqnpesdfic",1.03,"1.01-22","redoviti",NA,NA,"","F","A201","E","-","D","C","A","A","-","C","D","C",8
"552","wmpiarquns",1.08,"1.01-26","redoviti",NA,NA,"gimnazija","M","A202","E","-","-","-","-","-","E","A","-","A",8
"553","pyuibhzaev",1.03,"1.01-22","redoviti",NA,NA,"","M","A211","-","C","D","C","E","-","E","A","C","-",8
"554","rblpautkwh",1.06,"1.01-18","redoviti",NA,NA,"","M","A301","A","-","B","C","-","-","-","-","C","B",8
"555","iqxkhcfbay",1.05,"1.01-08","redoviti",NA,NA,"","M","A301","-","D","B","C","B","C","B","-","C","B",8
"556","pexaofguzw",1.07,"1.01-16","redoviti",NA,NA,"","F","A302","C","-","B","C","-","-","-","-","C","B",8
"557","hxitwsykoe",1.06,"1.01-19","redoviti",NA,NA,"","M","B2","E","D","D","C","B","-","E","-","E","-",8
"558","fkgdmjrysi",1.02,"1.01-14","redoviti",NA,NA,"","F","B4","E","C","D","C","B","-","-","-","C","B",8
"559","gruvjetlqi",1.01,"-","ponavlja",1,NA,"","M","D152","E","-","-","C","-","A","-","-","-","-",8
"560","bezwyoaxqj",1.01,"1.01-06","redoviti",NA,NA,"","F","D273","E","D","-","C","B","B","C","C","C","B",8
"561","wjlbhenfrs",1.03,"1.01-23","redoviti",NA,NA,"","F","D346","-","B","D","C","C","-","-","A","C","B",8
"562","ezhnylpojt",1.02,"1.01-12","redoviti",NA,514,"gimnazija","M","D346","-","D","-","-","-","A","E","-","-","-",8
"563","rvtdunbexw",1.01,"1.01-04","redoviti",NA,NA,"gimnazija","M","A201","E","-","-","B","-","A","-","A","-","A",7.5
"564","cxnydtoikz",1.05,"1.01-02","redoviti",NA,NA,"","F","A201","-","D","B","E","A","-","-","C","C","-",7.5
"565","rpyxhsmwjq",1.03,"1.01-21","redoviti",NA,NA,"","M","A201","-","-","D","C","B","-","E","A","C","A",7.5
"566","kenivuljxq",1.05,"1.01-03","redoviti",NA,NA,"","M","A201","-","-","D","C","B","-","D","A","C","B",7.5
"567","lbgwtzxycs",1.07,"1.01-16","redoviti",NA,NA,"","F","A202","-","D","D","C","A","C","-","A","-","A",7.5
"568","dykgalfbvt",1.06,"1.01-24","redoviti",NA,NA,"gimnazija","F","A211","-","B","B","-","A","A","A","-","C","A",7.5
"569","jcwmksrpxt",1.05,"1.01-08","redoviti",NA,544,"tehni?ka","M","A302","E","-","D","C","B","-","C","-","C","B",7.5
"570","vxaprngcdo",1.01,"1.01-04","redoviti",NA,NA,"","M","B1","B","D","D","-","C","A","E","-","C","-",7.5
"571","uchltzidpy",1.08,"1.01-27","redoviti",NA,NA,"","M","B4","-","-","D","E","A","-","E","A","B","-",7.5
"572","jfbhcruknd",1.05,"1.01-03","redoviti",NA,NA,"gimnazija","M","C12-02","E","-","B","E","B","-","B","-","C","B",7.5
"573","ilmgpvkunb",1.02,"1.01-13","redoviti",NA,NA,"","M","D1","C","D","D","C","D","A","A","C","C","B",7.5
"574","mgahyfnuqd",1.03,"1.01-20","redoviti",NA,NA,"","M","D2","D","D","B","E","D","D","E","A","C","C",7.5
"575","neixmzcubo",1.09,"-","ponavlja",1,NA,"","F","D260","-","-","-","B","-","-","-","A","C","B",7.5
"576","ngrfolbqiu",1.08,"1.01-27","redoviti",NA,NA,"","M","D273","B","-","D","C","D","-","E","-","C","B",7.5
"577","dcygwbpuzm",1.05,"1.01-03","redoviti",NA,NA,"","M","A111","-","-","-","C","B","A","D","C","C","B",7
"578","dpbotxehzf",1.07,"1.01-32","redoviti",NA,NA,"","M","A211","E","-","B","C","-","-","-","-","-","-",7
"579","owxvkdjcnp",1.09,"-","ponavlja",1,NA,"","M","A302","-","-","-","C","-","C","-","A","-","B",7
"580","seruzynmcg",1.03,"1.01-20","redoviti",NA,NA,"","M","B1","-","A","D","C","B","A","E","C","C","-",7
"581","puomrnbjkc",1.01,"1.01-05","redoviti",NA,NA,"","M","B1","E","B","D","C","A","B","D","-","C","-",7
"582","ragixtubkd",1.03,"1.01-21","redoviti",NA,175,"gimnazija","M","D1","E","-","D","E","B","-","E","A","-","-",7
"583","nfjuawlcdx",1.03,"1.01-21","redoviti",NA,NA,"","M","D1","-","B","B","A","-","C","E","E","C","B",7
"584","uscjabrovq",1.05,"1.01-01","redoviti",NA,395,"gimnazija","M","D2","-","D","D","C","B","-","A","A","D","B",7
"585","adhnowkyfe",1.03,"1.01-22","redoviti",NA,NA,"gimnazija","M","D272","-","-","D","C","-","A","E","-","A","-",7
"586","qsfjudniga",1.03,"1.01-20","redoviti",NA,NA,"gimnazija","F","D273","E","-","-","C","B","C","A","-","C","B",7
"587","sydphxcurv",1.02,"1.01-13","redoviti",NA,571,"","M","D273","-","D","B","B","A","C","A","A","A","-",7
"588","sbyrqgeatp",1.03,"1.01-20","redoviti",NA,NA,"","F","D346","-","-","B","C","C","B","-","A","C","-",7
"589","iwkdgspvry",1.02,"1.01-15","redoviti",NA,NA,"","F","A111","B","D","E","C","C","-","E","-","C","-",6.5
"590","yzlxqkghvo",1.01,"1.01-04","redoviti",NA,NA,"tehni?ka","M","A111","-","D","D","C","B","C","-","-","C","B",6.5
"591","qfdetgurva",1.09,"-","ponavlja",1,NA,"","M","A201","A","-","D","C","A","C","D","-","C","B",6.5
"592","iphzxsmcwk",1.01,"1.01-07","redoviti",NA,NA,"","M","A201","C","-","D","C","B","-","E","A","C","C",6.5
"593","dusoibytqp",1.01,"1.01-06","redoviti",NA,NA,"","F","A211","-","-","D","C","-","A","E","C","-","-",6.5
"594","wvoqpclgfx",1.04,"1.01-30","redoviti",NA,NA,"gimnazija","M","A302","-","D","D","C","E","B","-","A","C","-",6.5
"595","jlzniaetcd",1.07,"1.01-10","redoviti",NA,NA,"gimnazija","M","B1","-","-","D","-","A","-","-","A","C","A",6.5
"596","jfsvtauypi",1.09,"1.01-02","redoviti",NA,NA,"gimnazija","M","B2","E","C","D","E","-","-","E","-","C","-",6.5
"597","vxuakdlbyz",1.05,"1.01-08","redoviti",NA,NA,"gimnazija","F","B4","E","B","D","C","A","E","D","A","E","A",6.5
"598","dnakbgozxw",1.07,"1.01-09","redoviti",NA,NA,"","F","C12-02","B","-","D","C","D","A","B","-","C","B",6.5
"599","exrnyjhwgu",1.07,"1.01-10","redoviti",NA,NA,"","M","D1","E","A","D","B","A","C","D","E","C","B",6.5
"600","usqbzeglky",1.06,"1.01-17","redoviti",NA,NA,"gimnazija","M","D2","A","A","D","E","D","A","A","A","C","B",6.5
"601","enrmupabqv",1.01,"1.01-06","redoviti",NA,NA,"","M","D260","D","-","D","C","B","B","E","A","C","-",6.5
"602","tcebgzaqkf",1.09,"-","ponavlja",1,NA,"","M","D346","B","C","D","E","D","A","E","C","C","B",6.5
"603","lknrjuobzw",1.05,"1.01-03","redoviti",NA,276,"gimnazija","F","A201","E","-","B","B","B","-","E","-","E","-",6
"604","ohvrwuxyap",1.02,"1.01-14","redoviti",NA,NA,"","F","A211","-","-","E","D","B","A","-","-","C","B",6
"605","pqkculjrbw",1.08,"1.01-26","redoviti",NA,NA,"","M","A302","E","-","D","D","B","-","-","-","C","B",6
"606","husbocjxqv",1.05,"1.01-02","redoviti",NA,NA,"","M","D2","-","D","B","C","-","-","-","-","-","-",6
"607","unchljdimq",1.07,"1.01-11","redoviti",NA,550,"gimnazija","M","D2","E","-","D","C","C","-","-","-","A","B",6
"608","opxwuzyhes",1.06,"1.01-19","redoviti",NA,NA,"gimnazija","M","D260","D","-","-","-","A","-","B","A","C","-",6
"609","axtmzfcvkr",1.08,"1.01-27","redoviti",NA,NA,"","F","D272","D","-","D","D","A","-","-","-","C","B",6
"610","ghqeuvirfj",1.05,"1.01-08","redoviti",NA,NA,"gimnazija","F","D272","-","D","D","C","-","-","E","-","A","-",6
"611","soqvufjkxw",1.05,"1.01-03","redoviti",NA,NA,"gimnazija","M","A201","A","-","D","C","A","-","-","-","C","-",5.5
"612","nxearoyspv",1.02,"1.01-12","redoviti",NA,NA,"","F","A202","-","-","D","C","A","-","B","-","C","-",5.5
"613","zqhnbfcaxg",1.06,"1.01-19","redoviti",NA,NA,"","F","A209","D","-","D","E","A","-","A","A","E","B",5.5
"614","pfhtvndqki",1.06,"1.01-18","redoviti",NA,NA,"gimnazija","M","B2","-","-","D","C","-","-","B","-","C","B",5.5
"615","cdifqhtnpz",1.08,"1.01-32","redoviti",NA,NA,"","M","B2","-","-","D","C","-","-","A","-","C","B",5.5
"616","zikwhvfjlq",1.05,"1.01-01","redoviti",NA,NA,"","F","D1","E","D","D","C","-","-","-","-","-","A",5.5
"617","nbzmuaiqxw",1.07,"1.01-16","redoviti",NA,NA,"","F","D1","-","-","B","C","B","-","-","-","A","B",5.5
"618","ihdnlgsbqu",1.01,"1.01-04","redoviti",NA,NA,"","F","D260","-","-","B","C","-","D","-","-","B","B",5.5
"619","axmrsiobgq",1.09,"-","ponavlja",1,NA,"","M","D273","-","D","D","-","D","D","E","A","-","-",5.5
"620","tfhiluzywo",1.01,"1.01-05","redoviti",NA,420,"gimnazija","M","D273","E","-","D","C","C","-","E","D","-","-",5.5
"621","ahmrtkubgp",1.04,"1.01-30","redoviti",NA,NA,"gimnazija","M","A201","E","-","-","C","-","-","-","-","-","-",5
"622","fjrmybcuhp",1.09,"-","ponavlja",1,NA,"","M","A211","-","-","D","D","-","-","E","A","-","-",5
"623","uqalyndovx",1.02,"-","ponavlja",1,NA,"","F","B1","-","-","-","C","B","-","E","-","C","C",5
"624","lpjxfayugq",1.01,"1.01-04","redoviti",NA,262,"gimnazija","M","C12-02","E","-","D","-","-","-","-","A","D","-",5
"625","ryzdvbwukf",1.04,"1.01-30","redoviti",NA,NA,"","F","D1","C","A","D","C","A","C","A","C","C","B",5
"626","smqwybrvhi",1.07,"1.01-11","redoviti",NA,NA,"gimnazija","F","D152","E","-","D","E","B","D","-","-","C","B",5
"627","ibgvcweulp",1.02,"1.01-14","redoviti",NA,153,"gimnazija","F","D2","E","B","B","C","C","B","B","B","B","B",5
"628","dowisjktyl",1.06,"-","ponavlja",1,NA,"","F","D2","B","-","D","D","D","-","E","-","C","B",5
"629","zryskqpmai",1.03,"1.01-23","redoviti",NA,221,"gimnazija","M","D273","E","-","-","C","-","-","-","-","-","-",5
"630","rckzfutbxo",1.01,"1.01-04","redoviti",NA,NA,"","M","A111","-","-","D","C","B","C","-","-","C","B",4.5
"631","nqachgwlsi",1.05,"1.01-03","redoviti",NA,NA,"gimnazija","M","A301","A","D","D","C","-","-","E","-","-","A",4.5
"632","znmldwpvtx",1.04,"1.01-30","redoviti",NA,NA,"","M","A301","A","-","D","C","D","-","-","-","C","B",4.5
"633","zbcexparyi",1.07,"1.01-11","redoviti",NA,NA,"","M","B1","-","D","D","C","B","-","-","-","C","-",4.5
"634","bmapufdwls",1.01,"1.01-06","redoviti",NA,NA,"","M","B2","-","-","-","D","A","-","-","-","C","-",4.5
"635","luopiwhamr",1.08,"1.01-32","redoviti",NA,NA,"gimnazija","M","B2","-","-","D","C","B","C","-","-","C","B",4.5
"636","rnqdtmlesw",1.03,"1.01-28","redoviti",NA,NA,"","F","B4","-","-","D","C","E","C","-","-","C","B",4.5
"637","awrvhykubq",1.01,"1.01-05","redoviti",NA,NA,"gimnazija","M","B4","B","-","A","C","-","-","D","-","C","B",4.5
"638","szeiarukgj",1.08,"1.01-27","redoviti",NA,NA,"","F","B4","A","C","B","C","D","A","A","-","C","A",4.5
"639","sdrpulxtfj",1.01,"1.01-06","redoviti",NA,NA,"","M","B4","A","-","D","C","B","-","-","-","C","B",4.5
"640","kqfhbyvgxs",1.07,"1.01-09","redoviti",NA,NA,"gimnazija","F","C12-02","-","-","-","C","A","B","C","A","A","E",4.5
"641","dcvitfnrwl",1.05,"1.01-01","redoviti",NA,NA,"","M","D1","-","-","D","C","B","-","-","D","C","B",4.5
"642","aifwmlkvdq",1.03,"1.01-21","redoviti",NA,NA,"","F","D2","E","B","D","C","B","C","-","-","E","B",4.5
"643","gctzfilwrn",1.02,"1.01-13","redoviti",NA,NA,"","M","D2","E","-","D","C","B","C","D","A","-","-",4.5
"644","afxcdpmtgz",1.06,"1.01-19","redoviti",NA,NA,"","F","D2","-","-","-","E","B","B","E","B","C","B",4.5
"645","nctmaqfsrx",1.09,"-","ponavlja",1,NA,"","M","D272","E","-","D","C","-","-","-","-","-","-",4.5
"646","bwujqlhtax",1.09,"-","ponavlja",1,NA,"gimnazija","M","A111","E","A","D","-","-","A","D","C","C","A",4
"647","tfcadmbulh",1.04,"1.01-29","redoviti",NA,NA,"gimnazija","F","A301","-","-","-","C","-","-","-","-","C","-",4
"648","ftguydrkhn",1.07,"1.01-11","redoviti",NA,NA,"","F","B2","E","C","D","C","B","-","-","C","C","-",4
"649","paebvmluwy",1.05,"1.01-02","redoviti",NA,NA,"","M","B4","E","-","D","D","C","-","B","A","C","A",4
"650","rgiaeyzusw",1.07,"1.01-23","ponavlja",2,NA,"","M","C12-02","-","-","-","C","-","-","-","-","C","-",4
"651","yxhkceunmt",1.07,"1.01-09","redoviti",NA,NA,"","M","D260","-","-","D","E","B","B","A","A","C","B",4
"652","ueoikhayps",1.02,"1.01-14","redoviti",NA,NA,"","F","D272","-","D","-","C","-","-","-","-","-","-",4
"653","xrispoeuqv",1.05,"1.01-01","redoviti",NA,NA,"","M","A111","B","-","D","C","A","-","-","-","-","-",3.5
"654","tsuobqyfik",1.07,"1.01-16","redoviti",NA,350,"gimnazija","M","A111","C","-","D","C","A","C","-","D","C","-",3.5
"655","hwnuxaftvp",1.03,"1.01-23","redoviti",NA,NA,"gimnazija","M","A201","-","-","D","C","E","A","-","-","-","-",3.5
"656","vtwclomiar",1.01,"1.01-07","redoviti",NA,NA,"gimnazija","M","D1","E","-","D","A","A","-","-","C","E","-",3.5
"657","duejwqyghf",1.07,"1.01-09","redoviti",NA,NA,"gimnazija","M","D272","D","D","-","B","C","-","D","-","C","B",3.5
"658","odrgujsxze",1.01,"1.01-06","redoviti",NA,NA,"","M","A209","E","-","A","E","C","-","D","A","-","-",3
"659","myszhxencq",1.02,"1.01-12","redoviti",NA,NA,"","M","A302","-","-","D","E","A","-","A","-","C","-",3
"660","jtxsbizoyv",1.01,"1.01-06","redoviti",NA,NA,"","M","B1","-","-","D","B","A","-","B","-","C","-",3
"661","ircbpwgyjo",1.05,"1.01-02","redoviti",NA,468,"gimnazija","M","A201","C","E","D","B","C","D","E","C","C","B",2.5
"662","lkcdvjptos",1.04,"1.01-28","redoviti",NA,NA,"gimnazija","M","A211","D","-","D","B","-","-","E","A","B","A",2.5
"663","pyhofzsjgr",1.03,"1.01-21","redoviti",NA,NA,"gimnazija","M","A211","E","-","D","-","B","-","-","-","C","A",2.5
"664","ztqwciahbm",1.02,"1.01-12","redoviti",NA,NA,"gimnazija","F","A211","-","D","B","D","C","-","-","C","C","E",2.5
"665","dmbthayfuj",1.02,"1.01-15","redoviti",NA,NA,"gimnazija","F","A301","A","C","-","C","-","C","-","-","-","B",2.5
"666","cpxmiudhby",1.02,"1.01-15","redoviti",NA,NA,"","F","B2","-","-","-","E","-","-","-","A","-","-",2.5
"667","ilwekqxbpj",1.06,"1.01-17","redoviti",NA,NA,"","F","B4","A","D","D","-","B","B","B","-","C","B",2.5
"668","rehaioyxns",1.07,"1.01-16","redoviti",NA,NA,"","M","D260","-","A","D","B","A","D","-","-","C","-",2.5
"669","zekqtxclfs",1.05,"1.01-03","redoviti",NA,NA,"","M","D260","-","-","D","C","D","-","-","-","C","-",2.5
"670","dkbfsipgta",1.01,"1.01-04","redoviti",NA,531,"gimnazija","M","D272","-","B","A","C","B","-","-","-","E","B",2.5
"671","sfbypgvcte",1.03,"1.01-21","redoviti",NA,NA,"","M","A111","D","-","D","D","A","-","B","A","-","A",2
"672","pyozluevgi",1.03,"1.01-22","redoviti",NA,NA,"","F","A111","-","-","-","C","-","-","-","-","-","-",2
"673","gzblvjpceq",1.07,"1.01-16","redoviti",NA,NA,"gimnazija","M","A301","E","A","D","B","E","-","-","A","B","C",2
"674","djhfxuirmc",1.06,"1.01-17","redoviti",NA,NA,"gimnazija","F","B1","-","-","-","C","-","-","D","-","C","A",2
"675","zumshxfytq",1.06,"1.01-19","redoviti",NA,NA,"","F","D1","-","D","D","D","D","-","-","-","C","-",2
"676","qultxpjicd",1.01,"1.01-07","redoviti",NA,NA,"gimnazija","M","D1","D","-","-","C","-","A","-","B","-","C",2
"677","pjtxcvnmlr",1.03,"1.01-22","redoviti",NA,NA,"gimnazija","M","D152","E","C","D","C","D","E","C","-","C","C",2
"678","ehbinsvquw",1.03,"1.01-20","redoviti",NA,NA,"","F","D152","-","-","D","B","A","-","-","-","-","-",2
"679","fezvgxjlns",1.06,"1.01-18","redoviti",NA,NA,"","M","D2","-","A","D","C","B","C","D","C","C","B",2
"680","dqjbefaunc",1.05,"1.01-01","redoviti",NA,NA,"","F","D2","E","E","D","C","-","C","B","-","-","-",2
"681","hjwmrfilbs",1.03,"1.01-21","redoviti",NA,NA,"tehni?ka","M","A209","-","A","B","D","-","A","D","B","B","-",1.5
"682","gombciyaux",1.01,"1.01-04","redoviti",NA,NA,"gimnazija","F","A209","-","-","B","E","-","-","-","-","-","-",1.5
"683","iuvlngypkf",1.03,"1.01-20","redoviti",NA,457,"gimnazija","M","A301","D","-","D","C","C","-","-","-","C","-",1.5
"684","txmlbyjdhu",1.05,"1.01-02","redoviti",NA,NA,"","F","B1","-","C","-","C","B","D","-","-","C","-",1.5
"685","rziyaqgvpj",1.04,"1.01-30","redoviti",NA,555,"gimnazija","M","B4","-","-","D","-","B","-","B","A","C","A",1.5
"686","ermcwgudqj",1.09,"-","ponavlja",1,613,"gimnazija","M","D272","C","-","-","B","-","-","-","A","-","-",1.5
"687","wkcnqslgpi",1.06,"1.01-24","redoviti",NA,NA,"tehni?ka","M","A202","E","-","D","B","B","-","-","-","-","-",1
"688","wbvtioneyj",1.07,"1.01-11","redoviti",NA,NA,"","M","A211","-","-","-","-","B","-","-","-","C","-",1
"689","kioqhncfxe",1.08,"1.01-25","redoviti",NA,NA,"","M","B4","E","B","B","C","C","D","C","E","D","A",1
"690","fuksbezmya",1.01,"1.01-07","redoviti",NA,NA,"gimnazija","F","D1","E","-","D","C","-","-","A","C","E","A",1
"691","mxtgnhjlys",1.09,"1.01-03","ponavlja",2,NA,"gimnazija","M","D260","D","-","B","B","-","-","C","A","E","A",1
"692","vpxqbjmalo",1.01,"1.01-05","redoviti",NA,NA,"gimnazija","M","D272","-","-","D","E","A","D","-","C","C","A",1
"693","iymarkfnsv",1.06,"1.01-18","redoviti",NA,NA,"gimnazija","M","D273","-","D","D","B","B","-","-","-","C","A",1
"694","dhysiukxaf",1.09,"1.01-02","redoviti",NA,NA,"","M","A211","B","-","D","-","A","E","-","-","-","-",0.5
"695","wdvhcanmkb",1.03,"1.01-21","redoviti",NA,NA,"gimnazija","M","A302","C","B","D","B","A","B","-","-","C","A",0.5
"696","xwcsjaokgy",1.03,"1.01-23","redoviti",NA,NA,"gimnazija","F","B4","A","A","C","C","A","E","-","C","E","-",0.5
"697","dgloiamxes",1.06,"1.01-19","redoviti",NA,NA,"tehni?ka","M","D1","D","-","D","D","-","-","-","A","A","-",0.5
"698","tyujwkboca",1.08,"1.01-25","redoviti",NA,624,"gimnazija","M","D273","B","-","-","D","-","-","-","A","-","A",0.5
"699","gtxaejuipn",1.08,"1.01-26","redoviti",NA,510,"gimnazija","M","D346","E","-","D","D","-","-","B","-","E","-",0.5
"700","wetziqblyc",1.05,"1.01-02","redoviti",NA,NA,"","F","A211","-","-","-","-","-","-","-","-","-","-",0
"701","mxyntsepjb",1.02,"1.01-15","redoviti",NA,353,"gimnazija","M","B2","C","-","A","B","B","-","B","A","C","A",0
"702","wcumzjxqhe",1.06,"1.01-24","redoviti",NA,NA,"gimnazija","M","D1","-","-","D","B","E","-","-","A","-","A",0
"703","mhlctsyfqd",1.09,"1.01-19","ponavlja",1,NA,"","F","D152","B","E","A","A","A","A","D","B","B","A",0
"704","xgvastycrp",1.08,"1.01-27","redoviti",NA,NA,"gimnazija","M","A111","B","E","D","B","A","C","B","-","C","A",-0.5
"705","szrcaywhbe",1.09,"1.01-04","redoviti",NA,NA,"","M","A202","-","-","-","E","-","E","B","A","-","D",-0.5
"706","qsfxinueaw",1.07,"1.01-27","ponavlja",1,NA,"gimnazija","M","B1","-","C","A","C","E","-","-","-","E","-",-0.5
"707","nmfwkpgqyd",1.08,"1.01-25","redoviti",NA,NA,"gimnazija","F","D1","-","-","-","D","D","-","A","-","C","-",-0.5
"708","rbcduxwvkh",1.06,"1.01-15","redoviti",NA,NA,"","M","D272","A","-","D","-","-","-","-","-","C","A",-0.5
"709","dfvriymlga",1.01,"1.01-05","redoviti",NA,304,"gimnazija","M","D346","-","-","-","-","-","-","-","-","A","-",-0.5
"710","pbdxwgulkh",1.02,"1.01-15","redoviti",NA,NA,"","F","A202","-","-","D","D","-","-","-","-","-","-",-1
"711","zqdjbyogfr",1.05,"1.01-03","redoviti",NA,NA,"","F","A302","A","C","A","C","E","-","-","C","C","A",-1
"712","jdeypachvq",1.05,"1.01-03","redoviti",NA,NA,"","M","A302","C","D","D","A","C","B","B","-","C","-",-1
"713","ilakyzsxhu",1.04,"1.01-31","redoviti",NA,NA,"","M","D1","-","-","D","D","B","C","-","-","C","-",-1
"714","zbsjwhxkum",1.07,"1.01-09","redoviti",NA,NA,"","M","D152","C","-","D","B","-","E","-","-","C","-",-1
"715","gjyfohmznr",1.06,"1.01-17","redoviti",NA,NA,"","F","D2","-","-","D","B","D","-","-","-","C","A",-1
"716","uljrpbqfdh",1.05,"1.01-02","redoviti",NA,NA,"","F","B1","E","D","D","D","D","D","D","D","B","D",-1.5
"717","euwaiptzqv",1.02,"1.01-15","redoviti",NA,NA,"","M","D1","-","-","D","-","-","-","-","-","-","D",-1.5
"718","awrtqyipbm",1.05,"1.01-08","redoviti",NA,NA,"","M","D2","E","C","D","E","D","C","B","C","C","A",-1.5
"719","aqwxmzucgb",1.01,"1.01-05","redoviti",NA,NA,"gimnazija","F","D260","D","C","A","C","E","C","C","A","E","A",-1.5
"720","jpyblzsxic",1.09,"-","ponavlja",1,NA,"","M","D346","E","C","D","E","-","D","D","C","B","-",-2
"721","rgkbjhvswu",1.05,"1.01-01","redoviti",NA,NA,"gimnazija","M","A302","B","-","D","-","-","C","-","-","-","-",-2.5
"722","igylxjdfqe",1.06,"1.01-18","redoviti",NA,NA,"","F","A111","B","-","D","E","D","C","A","-","C","-",-3
"723","jmnvybkwde",1.07,"1.01-16","redoviti",NA,430,"gimnazija","F","A111","-","C","C","D","C","C","B","A","A","E",-3
"724","umyiwkbota",1.04,"1.01-28","redoviti",NA,NA,"","M","A201","-","-","D","D","B","-","C","B","C","C",-3
"725","kyjaivmnhb",1.06,"1.01-17","redoviti",NA,NA,"","M","A211","A","C","D","-","-","-","-","-","-","A",-3
"726","jblwxpidzy",1.02,"1.01-15","redoviti",NA,NA,"gimnazija","M","D2","E","A","D","D","B","D","C","B","-","A",-3.5
"727","lenbwajquh",1.08,"1.01-27","redoviti",NA,NA,"gimnazija","M","D260","B","-","-","D","-","D","-","C","-","-",-3.5
"728","gqxhorzvsc",1.06,"1.01-18","redoviti",NA,NA,"","F","D272","-","-","D","B","C","-","-","C","D","-",-3.5
"729","usbnfqylgc",1.07,"1.01-09","redoviti",NA,NA,"","M","A202","A","B","A","D","C","C","E","C","E","A",-4
"730","twmrvbpcyo",1.02,"1.01-12","redoviti",NA,NA,"gimnazija","M","A302","B","A","D","B","A","C","A","C","E","C",-4
"731","odzawstpqm",1.07,"1.01-11","redoviti",NA,NA,"gimnazija","M","A302","D","-","D","E","C","C","-","-","E","-",-4.5
